e.employee_id_P,e.name,e.departments_department_id,e.salary,e.age,d.department_id_P,d.department_name,p.project_id_P,p.project_name,p.departments_department_id,p.start_year
4,Sophia Davis,956,72176,4,956,Finance,269,Project Beta 771,956,2019
4,Sophia Davis,956,72176,4,956,Finance,954,Project Zeta 612,956,2011
6,Emma Garcia,763,91993,46,763,IT,29,Project Alpha 560,763,2015
7,Sophia Williams,508,34852,30,508,Sales,841,Project Epsilon 239,508,2022
8,Isabella Martinez,340,143993,28,340,Finance,501,Project Epsilon 851,340,2016
8,Isabella Martinez,340,143993,28,340,Finance,739,Project Epsilon 619,340,2020
9,James Johnson,539,149333,51,539,Legal,163,Project Beta 297,539,2020
9,James Johnson,539,149333,51,539,Legal,355,Project Gamma 365,539,2019
10,Emma Williams,420,144154,63,420,IT,767,Project Alpha 106,420,2020
11,Olivia Johnson,481,132436,38,481,Marketing,820,Project Epsilon 160,481,2011
13,Liam Garcia,873,118389,56,873,R&D,656,Project Beta 213,873,2017
14,Sophia Garcia,642,124203,53,642,Engineering,931,Project Epsilon 844,642,2010
17,Liam Johnson,455,51805,41,455,Finance,393,Project Beta 194,455,2018
17,Liam Johnson,455,51805,41,455,Finance,846,Project Zeta 961,455,2013
19,Ava Garcia,384,86450,31,384,Support,964,Project Delta 646,384,2021
20,Noah Rodriguez,422,104177,65,422,Sales,78,Project Gamma 293,422,2018
20,Noah Rodriguez,422,104177,65,422,Sales,895,Project Gamma 465,422,2015
21,Olivia Williams,180,40350,61,180,Sales,371,Project Alpha 952,180,2013
21,Olivia Williams,180,40350,61,180,Sales,768,Project Gamma 524,180,2018
22,Sophia Martinez,700,61566,53,700,Operations,528,Project Beta 488,700,2021
23,Oliver Williams,238,90443,62,238,R&D,280,Project Beta 710,238,2013
23,Oliver Williams,238,90443,62,238,R&D,428,Project Delta 581,238,2013
24,Ava Davis,262,117404,22,262,Marketing,237,Project Epsilon 144,262,2012
25,James Jones,694,101643,32,694,Legal,644,Project Beta 865,694,2015
26,Liam Davis,968,75293,59,968,R&D,240,Project Delta 770,968,2010
27,Ava Miller,707,62780,51,707,Legal,305,Project Epsilon 155,707,2018
27,Ava Miller,707,62780,51,707,Legal,421,Project Zeta 956,707,2021
27,Ava Miller,707,62780,51,707,Legal,541,Project Gamma 793,707,2012
28,Ava Brown,394,141848,52,394,Sales,442,Project Beta 593,394,2011
28,Ava Brown,394,141848,52,394,Sales,972,Project Gamma 665,394,2014
29,Liam Brown,391,104963,44,391,IT,101,Project Gamma 936,391,2023
31,Sophia Jones,9,104177,65,9,HR,8,Project Gamma 805,9,2010
31,Sophia Jones,9,104177,65,9,HR,93,Project Delta 844,9,2013
31,Sophia Jones,9,104177,65,9,HR,464,Project Alpha 696,9,2019
33,Noah Martinez,822,76179,36,822,Finance,716,Project Alpha 992,822,2013
34,Noah Martinez,257,118835,64,257,Legal,25,Project Delta 407,257,2018
34,Noah Martinez,257,118835,64,257,Legal,567,Project Epsilon 845,257,2022
35,Olivia Johnson,926,112242,63,926,HR,246,Project Zeta 201,926,2015
35,Olivia Johnson,926,112242,63,926,HR,498,Project Epsilon 154,926,2015
35,Olivia Johnson,926,112242,63,926,HR,556,Project Delta 808,926,2020
36,Emma Jones,808,87779,24,808,Marketing,124,Project Gamma 671,808,2020
37,Oliver Garcia,750,47224,27,750,Sales,674,Project Alpha 809,750,2016
40,Isabella Rodriguez,936,65720,32,936,HR,462,Project Epsilon 913,936,2020
41,Ava Davis,991,135708,40,991,Support,583,Project Epsilon 140,991,2016
43,Noah Miller,991,140853,57,991,Support,583,Project Epsilon 140,991,2016
46,Ava Martinez,391,137795,62,391,IT,101,Project Gamma 936,391,2023
50,James Jones,665,83516,29,665,HR,34,Project Epsilon 765,665,2018
50,James Jones,665,83516,29,665,HR,84,Project Gamma 391,665,2021
50,James Jones,665,83516,29,665,HR,313,Project Gamma 808,665,2021
50,James Jones,665,83516,29,665,HR,696,Project Epsilon 216,665,2017
52,James Johnson,100,60775,56,100,Marketing,161,Project Beta 631,100,2011
52,James Johnson,100,60775,56,100,Marketing,426,Project Zeta 579,100,2017
52,James Johnson,100,60775,56,100,Marketing,533,Project Zeta 142,100,2018
52,James Johnson,100,60775,56,100,Marketing,894,Project Gamma 489,100,2016
54,Isabella Miller,602,127290,31,602,Legal,47,Project Gamma 865,602,2018
54,Isabella Miller,602,127290,31,602,Legal,763,Project Beta 955,602,2019
56,Sophia Jones,34,120476,45,34,Sales,336,Project Beta 974,34,2020
56,Sophia Jones,34,120476,45,34,Sales,685,Project Gamma 643,34,2014
59,William Smith,408,66160,34,408,IT,26,Project Epsilon 148,408,2011
59,William Smith,408,66160,34,408,IT,755,Project Zeta 469,408,2012
61,Oliver Smith,52,133126,43,52,Support,204,Project Beta 256,52,2020
63,Liam Rodriguez,213,106858,35,213,R&D,764,Project Alpha 247,213,2014
65,Emma Jones,880,48964,30,880,Marketing,492,Project Zeta 639,880,2022
67,Emma Williams,16,76955,37,16,Sales,94,Project Alpha 254,16,2017
68,Oliver Garcia,17,52838,38,17,R&D,477,Project Alpha 763,17,2012
69,Emma Williams,760,85176,55,760,Operations,495,Project Delta 745,760,2020
69,Emma Williams,760,85176,55,760,Operations,854,Project Epsilon 204,760,2012
70,Liam Johnson,488,88756,45,488,Finance,330,Project Epsilon 775,488,2017
71,Isabella Martinez,112,89245,54,112,R&D,297,Project Alpha 633,112,2017
71,Isabella Martinez,112,89245,54,112,R&D,452,Project Alpha 712,112,2020
73,Isabella Jones,470,114323,23,470,R&D,327,Project Gamma 112,470,2017
74,Emma Davis,868,82640,49,868,Finance,465,Project Epsilon 513,868,2012
77,Liam Williams,282,111830,62,282,Engineering,132,Project Zeta 579,282,2023
77,Liam Williams,282,111830,62,282,Engineering,348,Project Zeta 980,282,2015
79,Oliver Rodriguez,302,89469,54,302,Engineering,129,Project Delta 672,302,2018
79,Oliver Rodriguez,302,89469,54,302,Engineering,502,Project Gamma 917,302,2014
80,Oliver Miller,102,133952,29,102,R&D,866,Project Beta 130,102,2021
82,Sophia Garcia,848,89441,47,848,HR,303,Project Gamma 892,848,2014
82,Sophia Garcia,848,89441,47,848,HR,941,Project Beta 916,848,2014
83,Sophia Johnson,321,85936,42,321,Engineering,294,Project Delta 837,321,2016
83,Sophia Johnson,321,85936,42,321,Engineering,922,Project Zeta 652,321,2013
86,Liam Miller,99,127594,45,99,Finance,797,Project Zeta 471,99,2018
87,Olivia Rodriguez,62,106869,57,62,HR,27,Project Zeta 267,62,2013
87,Olivia Rodriguez,62,106869,57,62,HR,121,Project Zeta 161,62,2015
87,Olivia Rodriguez,62,106869,57,62,HR,655,Project Zeta 682,62,2014
88,Isabella Garcia,687,46021,48,687,Operations,824,Project Beta 289,687,2015
90,Ava Martinez,320,76090,28,320,HR,808,Project Delta 456,320,2021
90,Ava Martinez,320,76090,28,320,HR,882,Project Delta 237,320,2021
90,Ava Martinez,320,76090,28,320,HR,897,Project Beta 763,320,2019
92,James Brown,868,44184,44,868,Finance,465,Project Epsilon 513,868,2012
94,Oliver Brown,827,86244,57,827,Operations,328,Project Delta 656,827,2010
97,Emma Williams,280,122104,41,280,IT,917,Project Epsilon 444,280,2011
97,Emma Williams,280,122104,41,280,IT,944,Project Beta 263,280,2012
102,William Jones,739,72517,58,739,Sales,642,Project Alpha 340,739,2017
103,Oliver Johnson,905,36895,31,905,Support,244,Project Gamma 988,905,2020
104,Olivia Martinez,51,118338,27,51,Finance,338,Project Gamma 189,51,2011
108,Ava Martinez,499,99066,64,499,R&D,448,Project Epsilon 956,499,2011
111,Olivia Jones,297,73007,29,297,HR,207,Project Beta 542,297,2022
111,Olivia Jones,297,73007,29,297,HR,790,Project Gamma 149,297,2014
113,Olivia Miller,546,122231,36,546,Legal,704,Project Zeta 945,546,2014
113,Olivia Miller,546,122231,36,546,Legal,929,Project Gamma 753,546,2022
116,Sophia Smith,471,40205,42,471,Finance,879,Project Delta 553,471,2010
119,William Williams,821,111018,51,821,Support,155,Project Alpha 579,821,2020
121,Noah Miller,604,82487,55,604,Finance,963,Project Gamma 983,604,2010
123,Noah Garcia,798,52037,26,798,Marketing,308,Project Alpha 284,798,2019
124,Isabella Johnson,544,96840,34,544,Support,918,Project Epsilon 920,544,2017
125,William Garcia,745,137341,63,745,Legal,317,Project Zeta 493,745,2022
125,William Garcia,745,137341,63,745,Legal,504,Project Zeta 411,745,2022
126,Olivia Brown,106,49194,38,106,Operations,52,Project Beta 506,106,2011
127,Noah Williams,617,50036,63,617,Operations,949,Project Alpha 421,617,2014
128,Liam Williams,975,131298,62,975,Legal,711,Project Beta 633,975,2020
129,James Davis,773,103889,59,773,R&D,822,Project Zeta 110,773,2011
131,William Garcia,155,87640,26,155,Support,514,Project Epsilon 856,155,2020
131,William Garcia,155,87640,26,155,Support,933,Project Beta 346,155,2021
132,James Davis,647,69691,39,647,Engineering,979,Project Beta 549,647,2015
135,William Jones,79,114497,27,79,Operations,871,Project Alpha 878,79,2020
138,James Martinez,668,54672,42,668,HR,620,Project Alpha 823,668,2019
139,Oliver Davis,514,49773,25,514,Engineering,211,Project Alpha 508,514,2016
139,Oliver Davis,514,49773,25,514,Engineering,254,Project Gamma 341,514,2014
139,Oliver Davis,514,49773,25,514,Engineering,702,Project Delta 597,514,2018
140,James Johnson,831,147850,43,831,Sales,908,Project Delta 614,831,2022
141,Liam Rodriguez,662,52617,24,662,Marketing,80,Project Zeta 854,662,2016
143,Oliver Williams,373,78870,40,373,Legal,690,Project Epsilon 790,373,2010
144,Sophia Miller,794,74350,65,794,Engineering,817,Project Alpha 119,794,2017
145,Oliver Smith,809,112691,63,809,Engineering,659,Project Epsilon 260,809,2022
145,Oliver Smith,809,112691,63,809,Engineering,860,Project Gamma 874,809,2022
145,Oliver Smith,809,112691,63,809,Engineering,945,Project Alpha 364,809,2022
145,Oliver Smith,809,112691,63,809,Engineering,980,Project Zeta 516,809,2010
146,William Johnson,338,42387,57,338,Legal,571,Project Beta 816,338,2016
148,Oliver Williams,342,40682,59,342,R&D,369,Project Alpha 802,342,2015
150,Sophia Williams,610,122908,27,610,Operations,856,Project Gamma 305,610,2023
151,Ava Rodriguez,386,114343,43,386,Marketing,617,Project Zeta 727,386,2022
153,Sophia Rodriguez,371,32389,45,371,Finance,10,Project Alpha 433,371,2019
153,Sophia Rodriguez,371,32389,45,371,Finance,781,Project Epsilon 863,371,2019
155,James Brown,232,48030,31,232,Operations,286,Project Beta 297,232,2010
155,James Brown,232,48030,31,232,Operations,484,Project Delta 463,232,2012
155,James Brown,232,48030,31,232,Operations,575,Project Alpha 653,232,2010
156,Liam Jones,865,133300,28,865,Legal,634,Project Beta 801,865,2017
157,Isabella Rodriguez,856,126815,55,856,Operations,146,Project Alpha 144,856,2012
159,Olivia Martinez,386,50218,32,386,Marketing,617,Project Zeta 727,386,2022
160,Olivia Martinez,829,148312,32,829,Support,706,Project Zeta 809,829,2011
160,Olivia Martinez,829,148312,32,829,Support,875,Project Epsilon 451,829,2023
160,Olivia Martinez,829,148312,32,829,Support,892,Project Gamma 457,829,2021
162,Noah Davis,626,67346,50,626,Engineering,603,Project Alpha 567,626,2012
163,Noah Rodriguez,245,70562,52,245,Sales,624,Project Delta 521,245,2012
165,James Jones,797,80052,54,797,Finance,200,Project Alpha 749,797,2020
166,Isabella Miller,990,51241,34,990,Sales,342,Project Epsilon 281,990,2017
168,James Garcia,568,43446,55,568,IT,133,Project Epsilon 981,568,2012
168,James Garcia,568,43446,55,568,IT,771,Project Delta 396,568,2017
169,Liam Jones,86,130023,32,86,Engineering,55,Project Epsilon 883,86,2011
169,Liam Jones,86,130023,32,86,Engineering,673,Project Delta 346,86,2018
170,Ava Davis,928,97286,31,928,IT,236,Project Delta 696,928,2020
170,Ava Davis,928,97286,31,928,IT,500,Project Delta 624,928,2017
170,Ava Davis,928,97286,31,928,IT,660,Project Zeta 726,928,2012
170,Ava Davis,928,97286,31,928,IT,943,Project Delta 762,928,2010
172,James Garcia,953,33495,48,953,Legal,197,Project Delta 526,953,2023
172,James Garcia,953,33495,48,953,Legal,481,Project Zeta 718,953,2016
173,Emma Miller,515,79015,37,515,Sales,203,Project Beta 434,515,2021
174,Sophia Johnson,384,59430,23,384,Support,964,Project Delta 646,384,2021
175,William Johnson,860,123677,63,860,Finance,28,Project Gamma 587,860,2020
176,William Williams,141,35020,40,141,R&D,479,Project Beta 186,141,2020
179,Emma Jones,221,139440,31,221,Sales,759,Project Epsilon 189,221,2021
181,Ava Brown,309,45970,25,309,IT,526,Project Delta 587,309,2017
183,James Johnson,114,139666,53,114,HR,87,Project Beta 396,114,2020
184,Oliver Rodriguez,17,112831,54,17,R&D,477,Project Alpha 763,17,2012
185,Oliver Brown,736,48818,40,736,R&D,463,Project Gamma 545,736,2015
188,Liam Rodriguez,999,77265,26,999,Finance,62,Project Delta 578,999,2023
188,Liam Rodriguez,999,77265,26,999,Finance,653,Project Zeta 467,999,2014
188,Liam Rodriguez,999,77265,26,999,Finance,855,Project Alpha 472,999,2013
190,Isabella Smith,400,144469,52,400,Support,459,Project Epsilon 398,400,2019
190,Isabella Smith,400,144469,52,400,Support,570,Project Alpha 780,400,2014
191,Emma Miller,383,63246,23,383,IT,284,Project Zeta 765,383,2012
193,Liam Martinez,753,129179,43,753,Finance,105,Project Beta 571,753,2022
193,Liam Martinez,753,129179,43,753,Finance,293,Project Alpha 722,753,2023
195,Olivia Davis,713,92722,62,713,HR,903,Project Gamma 120,713,2017
196,Olivia Williams,65,123853,51,65,Legal,140,Project Gamma 838,65,2020
196,Olivia Williams,65,123853,51,65,Legal,606,Project Epsilon 325,65,2022
196,Olivia Williams,65,123853,51,65,Legal,612,Project Beta 443,65,2011
198,Emma Garcia,956,70642,54,956,Finance,269,Project Beta 771,956,2019
198,Emma Garcia,956,70642,54,956,Finance,954,Project Zeta 612,956,2011
199,Sophia Rodriguez,485,63202,24,485,Operations,21,Project Zeta 253,485,2022
199,Sophia Rodriguez,485,63202,24,485,Operations,53,Project Alpha 999,485,2018
203,William Williams,509,120710,53,509,Finance,357,Project Epsilon 676,509,2018
203,William Williams,509,120710,53,509,Finance,710,Project Zeta 251,509,2012
203,William Williams,509,120710,53,509,Finance,956,Project Epsilon 357,509,2011
207,William Jones,314,88447,60,314,Finance,722,Project Beta 908,314,2012
208,Sophia Williams,707,88183,44,707,Legal,305,Project Epsilon 155,707,2018
208,Sophia Williams,707,88183,44,707,Legal,421,Project Zeta 956,707,2021
208,Sophia Williams,707,88183,44,707,Legal,541,Project Gamma 793,707,2012
209,James Smith,745,144037,44,745,Legal,317,Project Zeta 493,745,2022
209,James Smith,745,144037,44,745,Legal,504,Project Zeta 411,745,2022
210,Oliver Miller,282,113816,25,282,Engineering,132,Project Zeta 579,282,2023
210,Oliver Miller,282,113816,25,282,Engineering,348,Project Zeta 980,282,2015
211,Liam Miller,373,97251,65,373,Legal,690,Project Epsilon 790,373,2010
213,James Smith,130,38812,37,130,HR,509,Project Delta 184,130,2018
213,James Smith,130,38812,37,130,HR,622,Project Delta 808,130,2013
215,Oliver Williams,696,88972,45,696,Operations,869,Project Delta 719,696,2015
216,William Davis,782,40077,58,782,Finance,810,Project Epsilon 635,782,2015
217,Olivia Rodriguez,376,82171,42,376,R&D,488,Project Epsilon 690,376,2010
217,Olivia Rodriguez,376,82171,42,376,R&D,835,Project Zeta 586,376,2021
218,Ava Brown,984,44869,23,984,Legal,259,Project Delta 633,984,2020
219,Olivia Davis,531,80723,57,531,Sales,7,Project Alpha 815,531,2017
219,Olivia Davis,531,80723,57,531,Sales,799,Project Alpha 240,531,2014
220,Liam Jones,794,64116,50,794,Engineering,817,Project Alpha 119,794,2017
221,Noah Martinez,293,120961,53,293,Support,727,Project Zeta 648,293,2012
222,Noah Johnson,139,141781,26,139,Engineering,309,Project Zeta 659,139,2016
223,James Williams,921,123502,50,921,Legal,267,Project Zeta 822,921,2018
225,Isabella Rodriguez,298,146828,41,298,Support,847,Project Epsilon 517,298,2023
227,Noah Johnson,206,133817,30,206,IT,238,Project Alpha 390,206,2022
229,Oliver Garcia,479,135337,57,479,Operations,403,Project Alpha 441,479,2010
232,Isabella Miller,788,83665,58,788,Marketing,322,Project Beta 283,788,2021
232,Isabella Miller,788,83665,58,788,Marketing,397,Project Gamma 246,788,2023
232,Isabella Miller,788,83665,58,788,Marketing,930,Project Epsilon 973,788,2016
233,Liam Williams,996,71553,63,996,Operations,868,Project Zeta 127,996,2012
234,Liam Davis,478,119143,55,478,Sales,840,Project Gamma 226,478,2011
237,Isabella Smith,852,46274,55,852,R&D,804,Project Epsilon 806,852,2018
238,Olivia Jones,169,51229,42,169,HR,881,Project Gamma 823,169,2017
240,Liam Jones,202,113238,57,202,Engineering,818,Project Delta 143,202,2011
241,Ava Williams,641,69691,61,641,R&D,164,Project Beta 683,641,2012
241,Ava Williams,641,69691,61,641,R&D,260,Project Epsilon 993,641,2020
241,Ava Williams,641,69691,61,641,R&D,361,Project Alpha 576,641,2022
241,Ava Williams,641,69691,61,641,R&D,470,Project Epsilon 503,641,2015
242,Isabella Johnson,515,114015,32,515,Sales,203,Project Beta 434,515,2021
243,Oliver Martinez,158,52439,64,158,Engineering,519,Project Epsilon 941,158,2023
243,Oliver Martinez,158,52439,64,158,Engineering,729,Project Zeta 913,158,2012
244,Oliver Martinez,346,140432,58,346,HR,170,Project Delta 616,346,2020
244,Oliver Martinez,346,140432,58,346,HR,607,Project Beta 536,346,2022
244,Oliver Martinez,346,140432,58,346,HR,899,Project Gamma 217,346,2012
248,Isabella Jones,658,69596,52,658,Sales,149,Project Alpha 684,658,2023
248,Isabella Jones,658,69596,52,658,Sales,193,Project Alpha 709,658,2014
250,Emma Williams,451,84476,52,451,HR,302,Project Beta 398,451,2016
250,Emma Williams,451,84476,52,451,HR,836,Project Epsilon 289,451,2020
250,Emma Williams,451,84476,52,451,HR,962,Project Beta 381,451,2016
251,James Brown,349,109516,31,349,HR,395,Project Beta 294,349,2017
252,William Garcia,752,142823,44,752,Sales,539,Project Zeta 347,752,2020
254,Isabella Johnson,327,61685,51,327,R&D,408,Project Gamma 645,327,2022
254,Isabella Johnson,327,61685,51,327,R&D,935,Project Delta 520,327,2023
255,Liam Jones,461,62495,31,461,Sales,230,Project Alpha 412,461,2017
256,Liam Smith,298,80351,61,298,Support,847,Project Epsilon 517,298,2023
258,William Martinez,739,70988,34,739,Sales,642,Project Alpha 340,739,2017
259,Olivia Davis,528,91186,53,528,Engineering,572,Project Epsilon 103,528,2021
259,Olivia Davis,528,91186,53,528,Engineering,641,Project Alpha 596,528,2011
260,Ava Davis,24,41802,47,24,Sales,405,Project Zeta 419,24,2019
260,Ava Davis,24,41802,47,24,Sales,750,Project Gamma 300,24,2011
261,Isabella Davis,990,61552,35,990,Sales,342,Project Epsilon 281,990,2017
266,Sophia Garcia,47,82505,25,47,HR,611,Project Beta 882,47,2019
267,Oliver Rodriguez,200,77516,57,200,Engineering,540,Project Epsilon 888,200,2018
270,Oliver Johnson,132,42672,47,132,Finance,891,Project Epsilon 146,132,2023
271,William Garcia,572,77920,31,572,Marketing,156,Project Alpha 469,572,2021
271,William Garcia,572,77920,31,572,Marketing,165,Project Epsilon 867,572,2016
271,William Garcia,572,77920,31,572,Marketing,300,Project Zeta 140,572,2016
274,James Rodriguez,468,49521,60,468,HR,65,Project Epsilon 711,468,2020
275,Isabella Williams,336,110356,42,336,Finance,666,Project Beta 353,336,2016
275,Isabella Williams,336,110356,42,336,Finance,999,Project Epsilon 946,336,2022
278,Isabella Davis,726,103783,41,726,Legal,728,Project Beta 959,726,2021
279,James Smith,378,73416,65,378,HR,157,Project Delta 941,378,2022
281,Emma Martinez,486,64803,63,486,R&D,285,Project Delta 603,486,2012
281,Emma Martinez,486,64803,63,486,R&D,713,Project Epsilon 235,486,2015
281,Emma Martinez,486,64803,63,486,R&D,740,Project Zeta 402,486,2014
285,Noah Smith,587,121818,29,587,Operations,341,Project Zeta 709,587,2022
286,Noah Smith,452,71116,48,452,Operations,731,Project Epsilon 229,452,2014
287,Olivia Miller,708,56724,48,708,Operations,117,Project Epsilon 902,708,2017
288,Isabella Martinez,943,91814,25,943,Engineering,834,Project Alpha 319,943,2018
289,Olivia Rodriguez,213,103516,42,213,R&D,764,Project Alpha 247,213,2014
290,James Rodriguez,386,71124,33,386,Marketing,617,Project Zeta 727,386,2022
291,James Rodriguez,351,101601,44,351,R&D,445,Project Epsilon 906,351,2018
292,Ava Martinez,496,55200,37,496,Legal,352,Project Epsilon 189,496,2021
292,Ava Martinez,496,55200,37,496,Legal,723,Project Gamma 332,496,2015
294,Ava Brown,707,122404,53,707,Legal,305,Project Epsilon 155,707,2018
294,Ava Brown,707,122404,53,707,Legal,421,Project Zeta 956,707,2021
294,Ava Brown,707,122404,53,707,Legal,541,Project Gamma 793,707,2012
295,William Davis,358,103464,39,358,Sales,335,Project Alpha 768,358,2010
299,William Davis,672,63612,52,672,Support,718,Project Epsilon 451,672,2020
300,Noah Brown,848,100592,39,848,HR,303,Project Gamma 892,848,2014
300,Noah Brown,848,100592,39,848,HR,941,Project Beta 916,848,2014
301,Isabella Jones,141,44316,61,141,R&D,479,Project Beta 186,141,2020
302,Oliver Brown,249,36653,64,249,HR,227,Project Zeta 155,249,2019
302,Oliver Brown,249,36653,64,249,HR,600,Project Epsilon 146,249,2021
303,Isabella Brown,654,60518,25,654,Marketing,549,Project Beta 713,654,2011
304,Liam Miller,339,124025,52,339,R&D,431,Project Zeta 781,339,2022
306,Sophia Davis,489,115267,34,489,Finance,282,Project Zeta 898,489,2012
307,Ava Garcia,293,114659,25,293,Support,727,Project Zeta 648,293,2012
308,Liam Martinez,238,100143,24,238,R&D,280,Project Beta 710,238,2013
308,Liam Martinez,238,100143,24,238,R&D,428,Project Delta 581,238,2013
310,Emma Miller,807,94930,33,807,IT,593,Project Alpha 445,807,2021
311,Ava Smith,10,69110,58,10,Support,75,Project Delta 406,10,2022
312,Oliver Johnson,951,73914,40,951,Support,40,Project Zeta 927,951,2015
312,Oliver Johnson,951,73914,40,951,Support,154,Project Zeta 603,951,2023
312,Oliver Johnson,951,73914,40,951,Support,650,Project Beta 321,951,2019
312,Oliver Johnson,951,73914,40,951,Support,737,Project Beta 569,951,2015
313,James Rodriguez,537,94738,30,537,Sales,396,Project Zeta 994,537,2014
314,Isabella Davis,280,55272,29,280,IT,917,Project Epsilon 444,280,2011
314,Isabella Davis,280,55272,29,280,IT,944,Project Beta 263,280,2012
315,William Williams,749,90150,63,749,Finance,486,Project Delta 967,749,2013
316,Ava Williams,15,126549,43,15,Sales,601,Project Zeta 233,15,2012
317,Ava Martinez,691,129258,34,691,IT,167,Project Epsilon 466,691,2017
319,Sophia Rodriguez,336,41368,47,336,Finance,666,Project Beta 353,336,2016
319,Sophia Rodriguez,336,41368,47,336,Finance,999,Project Epsilon 946,336,2022
323,Oliver Martinez,12,64282,63,12,Engineering,365,Project Zeta 317,12,2020
323,Oliver Martinez,12,64282,63,12,Engineering,499,Project Epsilon 897,12,2017
325,James Jones,164,83138,65,164,Sales,635,Project Delta 280,164,2020
326,Isabella Jones,707,45389,62,707,Legal,305,Project Epsilon 155,707,2018
326,Isabella Jones,707,45389,62,707,Legal,421,Project Zeta 956,707,2021
326,Isabella Jones,707,45389,62,707,Legal,541,Project Gamma 793,707,2012
329,William Miller,719,101989,52,719,Support,122,Project Zeta 257,719,2018
330,Isabella Brown,781,62435,65,781,Support,212,Project Zeta 233,781,2012
330,Isabella Brown,781,62435,65,781,Support,988,Project Zeta 128,781,2010
331,Oliver Johnson,539,88556,55,539,Legal,163,Project Beta 297,539,2020
331,Oliver Johnson,539,88556,55,539,Legal,355,Project Gamma 365,539,2019
333,Emma Rodriguez,925,96255,34,925,IT,456,Project Beta 694,925,2022
334,Oliver Rodriguez,154,51566,42,154,Engineering,321,Project Zeta 983,154,2012
335,Isabella Davis,120,119167,35,120,Support,386,Project Beta 709,120,2023
339,James Jones,741,32853,47,741,Legal,190,Project Zeta 179,741,2015
341,Liam Smith,434,75158,26,434,R&D,700,Project Epsilon 796,434,2014
342,Isabella Smith,958,147207,26,958,Marketing,960,Project Zeta 341,958,2016
343,James Smith,294,83591,33,294,HR,38,Project Delta 728,294,2017
343,James Smith,294,83591,33,294,HR,73,Project Beta 452,294,2017
344,Olivia Miller,384,146828,46,384,Support,964,Project Delta 646,384,2021
345,James Miller,385,40518,65,385,R&D,551,Project Epsilon 233,385,2020
347,Liam Williams,551,81518,55,551,Legal,299,Project Beta 631,551,2016
348,Olivia Brown,855,30455,23,855,Engineering,837,Project Alpha 285,855,2015
350,Sophia Rodriguez,389,137919,36,389,Engineering,9,Project Zeta 315,389,2019
350,Sophia Rodriguez,389,137919,36,389,Engineering,137,Project Zeta 618,389,2021
352,Noah Johnson,33,136099,64,33,Marketing,147,Project Beta 994,33,2013
353,Sophia Martinez,785,145835,23,785,Finance,166,Project Zeta 208,785,2020
353,Sophia Martinez,785,145835,23,785,Finance,176,Project Beta 484,785,2018
353,Sophia Martinez,785,145835,23,785,Finance,404,Project Alpha 633,785,2020
353,Sophia Martinez,785,145835,23,785,Finance,792,Project Epsilon 298,785,2020
356,Noah Smith,412,87535,36,412,Marketing,608,Project Zeta 794,412,2015
356,Noah Smith,412,87535,36,412,Marketing,914,Project Gamma 687,412,2022
357,Isabella Brown,773,143210,25,773,R&D,822,Project Zeta 110,773,2011
358,Olivia Rodriguez,297,60692,58,297,HR,207,Project Beta 542,297,2022
358,Olivia Rodriguez,297,60692,58,297,HR,790,Project Gamma 149,297,2014
360,William Brown,310,144852,31,310,Finance,391,Project Beta 637,310,2012
360,William Brown,310,144852,31,310,Finance,439,Project Alpha 911,310,2018
361,Isabella Brown,424,69387,39,424,Engineering,363,Project Epsilon 524,424,2010
362,Emma Rodriguez,972,107550,33,972,HR,256,Project Alpha 668,972,2014
362,Emma Rodriguez,972,107550,33,972,HR,826,Project Zeta 384,972,2019
363,Sophia Rodriguez,508,36145,44,508,Sales,841,Project Epsilon 239,508,2022
364,Sophia Rodriguez,327,121266,48,327,R&D,408,Project Gamma 645,327,2022
364,Sophia Rodriguez,327,121266,48,327,R&D,935,Project Delta 520,327,2023
365,Sophia Williams,308,79343,33,308,R&D,188,Project Gamma 930,308,2011
365,Sophia Williams,308,79343,33,308,R&D,367,Project Alpha 415,308,2018
365,Sophia Williams,308,79343,33,308,R&D,921,Project Epsilon 923,308,2016
365,Sophia Williams,308,79343,33,308,R&D,934,Project Zeta 883,308,2023
366,Isabella Davis,247,141324,36,247,Legal,261,Project Beta 527,247,2019
367,Ava Williams,826,90689,25,826,R&D,959,Project Zeta 499,826,2021
373,Oliver Smith,895,39539,34,895,HR,997,Project Delta 589,895,2021
374,Oliver Rodriguez,223,92835,35,223,HR,455,Project Alpha 192,223,2023
374,Oliver Rodriguez,223,92835,35,223,HR,831,Project Alpha 641,223,2021
375,William Jones,980,149143,22,980,R&D,534,Project Zeta 462,980,2023
377,James Brown,713,109220,35,713,HR,903,Project Gamma 120,713,2017
379,Sophia Davis,547,115029,44,547,Support,424,Project Zeta 928,547,2011
379,Sophia Davis,547,115029,44,547,Support,591,Project Gamma 611,547,2023
379,Sophia Davis,547,115029,44,547,Support,735,Project Epsilon 266,547,2014
380,Ava Jones,369,97215,53,369,IT,30,Project Gamma 469,369,2018
380,Ava Jones,369,97215,53,369,IT,177,Project Zeta 360,369,2017
380,Ava Jones,369,97215,53,369,IT,343,Project Zeta 692,369,2010
381,James Johnson,823,124688,52,823,HR,552,Project Zeta 679,823,2012
383,Emma Martinez,885,59002,31,885,Legal,901,Project Delta 773,885,2016
386,Noah Miller,584,139230,37,584,Engineering,829,Project Beta 617,584,2011
387,James Rodriguez,671,119764,43,671,Finance,537,Project Alpha 361,671,2019
388,Ava Davis,990,124838,63,990,Sales,342,Project Epsilon 281,990,2017
390,Olivia Williams,738,101636,53,738,HR,652,Project Beta 568,738,2013
391,Olivia Rodriguez,658,37698,55,658,Sales,149,Project Alpha 684,658,2023
391,Olivia Rodriguez,658,37698,55,658,Sales,193,Project Alpha 709,658,2014
392,Emma Johnson,968,137216,64,968,R&D,240,Project Delta 770,968,2010
393,Emma Smith,423,48021,62,423,Sales,520,Project Delta 870,423,2022
395,Noah Rodriguez,467,78916,25,467,IT,480,Project Delta 980,467,2022
396,Oliver Martinez,935,93334,64,935,Legal,242,Project Zeta 972,935,2020
400,Sophia Williams,110,42624,55,110,Sales,961,Project Beta 247,110,2012
401,Olivia Brown,197,111235,55,197,Sales,148,Project Alpha 597,197,2011
401,Olivia Brown,197,111235,55,197,Sales,629,Project Epsilon 341,197,2011
401,Olivia Brown,197,111235,55,197,Sales,940,Project Alpha 253,197,2010
406,Sophia Rodriguez,488,37355,62,488,Finance,330,Project Epsilon 775,488,2017
407,Emma Williams,85,95517,49,85,Sales,843,Project Zeta 141,85,2015
408,William Martinez,879,42499,55,879,Engineering,387,Project Gamma 822,879,2015
408,William Martinez,879,42499,55,879,Engineering,678,Project Zeta 570,879,2019
409,Emma Brown,217,148131,58,217,Legal,472,Project Delta 658,217,2020
412,Olivia Garcia,17,57152,59,17,R&D,477,Project Alpha 763,17,2012
414,Olivia Martinez,247,104277,46,247,Legal,261,Project Beta 527,247,2019
415,Isabella Garcia,394,129039,30,394,Sales,442,Project Beta 593,394,2011
415,Isabella Garcia,394,129039,30,394,Sales,972,Project Gamma 665,394,2014
417,Liam Miller,238,139926,26,238,R&D,280,Project Beta 710,238,2013
417,Liam Miller,238,139926,26,238,R&D,428,Project Delta 581,238,2013
418,William Martinez,788,110460,60,788,Marketing,322,Project Beta 283,788,2021
418,William Martinez,788,110460,60,788,Marketing,397,Project Gamma 246,788,2023
418,William Martinez,788,110460,60,788,Marketing,930,Project Epsilon 973,788,2016
421,Sophia Miller,191,119088,59,191,Sales,91,Project Epsilon 122,191,2011
421,Sophia Miller,191,119088,59,191,Sales,770,Project Beta 304,191,2023
422,Sophia Johnson,791,111083,40,791,R&D,182,Project Gamma 122,791,2023
423,Noah Johnson,85,65123,31,85,Sales,843,Project Zeta 141,85,2015
424,Sophia Williams,758,81068,42,758,R&D,447,Project Zeta 179,758,2021
430,Oliver Martinez,804,72523,46,804,Legal,392,Project Alpha 483,804,2010
430,Oliver Martinez,804,72523,46,804,Legal,444,Project Epsilon 541,804,2016
431,Emma Jones,424,80829,27,424,Engineering,363,Project Epsilon 524,424,2010
432,Isabella Brown,586,98302,32,586,Operations,209,Project Alpha 587,586,2021
432,Isabella Brown,586,98302,32,586,Operations,214,Project Delta 767,586,2013
432,Isabella Brown,586,98302,32,586,Operations,295,Project Epsilon 860,586,2019
433,Sophia Williams,143,65247,41,143,R&D,473,Project Beta 586,143,2013
433,Sophia Williams,143,65247,41,143,R&D,744,Project Delta 141,143,2020
434,Ava Davis,150,38292,32,150,IT,20,Project Delta 300,150,2022
434,Ava Davis,150,38292,32,150,IT,223,Project Delta 738,150,2017
434,Ava Davis,150,38292,32,150,IT,825,Project Alpha 192,150,2023
435,Sophia Jones,432,69289,52,432,R&D,22,Project Alpha 280,432,2017
436,Liam Garcia,258,62321,62,258,Legal,546,Project Zeta 390,258,2013
436,Liam Garcia,258,62321,62,258,Legal,923,Project Delta 511,258,2019
438,Liam Williams,312,30887,47,312,IT,160,Project Alpha 954,312,2011
438,Liam Williams,312,30887,47,312,IT,721,Project Delta 568,312,2019
438,Liam Williams,312,30887,47,312,IT,811,Project Beta 826,312,2010
439,William Martinez,390,135391,43,390,Finance,245,Project Delta 336,390,2018
439,William Martinez,390,135391,43,390,Finance,319,Project Delta 663,390,2010
441,Oliver Williams,308,72030,60,308,R&D,188,Project Gamma 930,308,2011
441,Oliver Williams,308,72030,60,308,R&D,367,Project Alpha 415,308,2018
441,Oliver Williams,308,72030,60,308,R&D,921,Project Epsilon 923,308,2016
441,Oliver Williams,308,72030,60,308,R&D,934,Project Zeta 883,308,2023
443,William Jones,753,121089,62,753,Finance,105,Project Beta 571,753,2022
443,William Jones,753,121089,62,753,Finance,293,Project Alpha 722,753,2023
445,Sophia Jones,837,133005,47,837,Support,809,Project Gamma 242,837,2017
447,Oliver Rodriguez,185,119353,57,185,IT,16,Project Gamma 561,185,2019
447,Oliver Rodriguez,185,119353,57,185,IT,169,Project Beta 911,185,2018
449,James Jones,852,120811,26,852,R&D,804,Project Epsilon 806,852,2018
450,Sophia Davis,143,113012,41,143,R&D,473,Project Beta 586,143,2013
450,Sophia Davis,143,113012,41,143,R&D,744,Project Delta 141,143,2020
452,Sophia Johnson,460,108372,52,460,R&D,263,Project Epsilon 437,460,2018
452,Sophia Johnson,460,108372,52,460,R&D,531,Project Gamma 916,460,2016
453,Oliver Miller,548,96402,48,548,R&D,384,Project Delta 741,548,2023
453,Oliver Miller,548,96402,48,548,R&D,580,Project Alpha 474,548,2023
453,Oliver Miller,548,96402,48,548,R&D,974,Project Zeta 224,548,2023
455,Oliver Johnson,112,130788,37,112,R&D,297,Project Alpha 633,112,2017
455,Oliver Johnson,112,130788,37,112,R&D,452,Project Alpha 712,112,2020
457,Oliver Miller,991,128655,43,991,Support,583,Project Epsilon 140,991,2016
458,Sophia Johnson,11,42924,38,11,Operations,542,Project Gamma 660,11,2020
460,Oliver Martinez,227,88429,45,227,Operations,152,Project Alpha 475,227,2019
460,Oliver Martinez,227,88429,45,227,Operations,802,Project Beta 615,227,2023
461,Sophia Davis,791,119070,59,791,R&D,182,Project Gamma 122,791,2023
463,Liam Jones,426,41253,29,426,Operations,760,Project Delta 859,426,2022
464,Olivia Garcia,320,74966,51,320,HR,808,Project Delta 456,320,2021
464,Olivia Garcia,320,74966,51,320,HR,882,Project Delta 237,320,2021
464,Olivia Garcia,320,74966,51,320,HR,897,Project Beta 763,320,2019
465,Noah Rodriguez,495,75652,52,495,Legal,394,Project Alpha 918,495,2018
465,Noah Rodriguez,495,75652,52,495,Legal,489,Project Alpha 681,495,2021
466,Liam Davis,740,121326,50,740,Operations,307,Project Delta 192,740,2018
467,William Johnson,308,35856,29,308,R&D,188,Project Gamma 930,308,2011
467,William Johnson,308,35856,29,308,R&D,367,Project Alpha 415,308,2018
467,William Johnson,308,35856,29,308,R&D,921,Project Epsilon 923,308,2016
467,William Johnson,308,35856,29,308,R&D,934,Project Zeta 883,308,2023
469,Olivia Brown,529,52865,57,529,HR,926,Project Zeta 820,529,2023
470,Olivia Garcia,574,85885,51,574,Operations,364,Project Gamma 458,574,2022
470,Olivia Garcia,574,85885,51,574,Operations,411,Project Alpha 737,574,2018
470,Olivia Garcia,574,85885,51,574,Operations,942,Project Delta 597,574,2016
471,Noah Miller,645,54176,33,645,HR,108,Project Gamma 262,645,2021
472,Sophia Miller,30,126650,61,30,Operations,417,Project Alpha 233,30,2017
472,Sophia Miller,30,126650,61,30,Operations,779,Project Zeta 350,30,2011
474,Emma Brown,211,66483,26,211,Legal,399,Project Zeta 235,211,2021
474,Emma Brown,211,66483,26,211,Legal,732,Project Gamma 288,211,2018
474,Emma Brown,211,66483,26,211,Legal,823,Project Alpha 716,211,2019
474,Emma Brown,211,66483,26,211,Legal,907,Project Zeta 791,211,2015
475,Oliver Johnson,819,144292,56,819,Marketing,517,Project Delta 285,819,2018
475,Oliver Johnson,819,144292,56,819,Marketing,970,Project Zeta 778,819,2010
476,Olivia Garcia,334,55830,51,334,Sales,643,Project Epsilon 693,334,2016
476,Olivia Garcia,334,55830,51,334,Sales,900,Project Alpha 651,334,2010
477,Liam Jones,687,143067,53,687,Operations,824,Project Beta 289,687,2015
478,Isabella Garcia,612,80939,61,612,Legal,247,Project Delta 987,612,2018
481,Ava Martinez,605,41108,65,605,Operations,151,Project Epsilon 818,605,2014
481,Ava Martinez,605,41108,65,605,Operations,311,Project Beta 564,605,2021
481,Ava Martinez,605,41108,65,605,Operations,440,Project Delta 510,605,2016
482,Olivia Garcia,121,61270,41,121,HR,409,Project Delta 787,121,2014
483,Liam Williams,383,120890,31,383,IT,284,Project Zeta 765,383,2012
484,Isabella Miller,429,108174,30,429,HR,628,Project Gamma 456,429,2010
485,Oliver Miller,434,54347,53,434,R&D,700,Project Epsilon 796,434,2014
486,Isabella Williams,569,51871,53,569,R&D,379,Project Zeta 423,569,2018
489,James Williams,200,136851,46,200,Engineering,540,Project Epsilon 888,200,2018
490,Isabella Rodriguez,669,94876,48,669,Support,44,Project Gamma 424,669,2014
490,Isabella Rodriguez,669,94876,48,669,Support,264,Project Beta 311,669,2012
492,James Williams,85,104107,23,85,Sales,843,Project Zeta 141,85,2015
493,Noah Jones,34,66025,36,34,Sales,336,Project Beta 974,34,2020
493,Noah Jones,34,66025,36,34,Sales,685,Project Gamma 643,34,2014
499,Noah Jones,896,34224,50,896,Support,596,Project Zeta 991,896,2018
503,Sophia Williams,631,48249,35,631,Legal,511,Project Gamma 235,631,2014
504,Noah Smith,584,75982,56,584,Engineering,829,Project Beta 617,584,2011
506,Ava Jones,587,65041,54,587,Operations,341,Project Zeta 709,587,2022
509,Olivia Brown,150,123243,42,150,IT,20,Project Delta 300,150,2022
509,Olivia Brown,150,123243,42,150,IT,223,Project Delta 738,150,2017
509,Olivia Brown,150,123243,42,150,IT,825,Project Alpha 192,150,2023
510,Noah Miller,502,48634,58,502,HR,150,Project Delta 773,502,2018
510,Noah Miller,502,48634,58,502,HR,251,Project Gamma 441,502,2016
511,Ava Miller,385,89243,26,385,R&D,551,Project Epsilon 233,385,2020
512,Liam Miller,528,128278,39,528,Engineering,572,Project Epsilon 103,528,2021
512,Liam Miller,528,128278,39,528,Engineering,641,Project Alpha 596,528,2011
514,Oliver Smith,890,131467,27,890,Finance,39,Project Zeta 248,890,2012
515,James Garcia,871,38300,56,871,Operations,912,Project Alpha 960,871,2018
517,James Jones,331,138572,40,331,Marketing,794,Project Beta 656,331,2023
517,James Jones,331,138572,40,331,Marketing,905,Project Epsilon 499,331,2019
518,William Rodriguez,592,47117,58,592,Legal,380,Project Alpha 313,592,2020
519,James Garcia,916,119463,25,916,Marketing,275,Project Zeta 941,916,2020
520,Emma Johnson,642,132745,51,642,Engineering,931,Project Epsilon 844,642,2010
522,James Davis,1,86072,34,1,HR,136,Project Gamma 564,1,2022
522,James Davis,1,86072,34,1,HR,178,Project Delta 506,1,2021
522,James Davis,1,86072,34,1,HR,457,Project Zeta 929,1,2022
524,Liam Garcia,257,40803,45,257,Legal,25,Project Delta 407,257,2018
524,Liam Garcia,257,40803,45,257,Legal,567,Project Epsilon 845,257,2022
526,Noah Miller,672,41953,28,672,Support,718,Project Epsilon 451,672,2020
527,Emma Brown,489,40215,30,489,Finance,282,Project Zeta 898,489,2012
529,Emma Smith,713,75032,29,713,HR,903,Project Gamma 120,713,2017
531,Sophia Johnson,749,135638,28,749,Finance,486,Project Delta 967,749,2013
532,Liam Garcia,377,145472,41,377,Engineering,705,Project Delta 735,377,2022
532,Liam Garcia,377,145472,41,377,Engineering,849,Project Delta 795,377,2012
534,Olivia Johnson,544,103831,22,544,Support,918,Project Epsilon 920,544,2017
535,Oliver Williams,451,76030,35,451,HR,302,Project Beta 398,451,2016
535,Oliver Williams,451,76030,35,451,HR,836,Project Epsilon 289,451,2020
535,Oliver Williams,451,76030,35,451,HR,962,Project Beta 381,451,2016
536,Olivia Miller,631,119989,50,631,Legal,511,Project Gamma 235,631,2014
537,Noah Johnson,919,43168,30,919,Legal,568,Project Delta 119,919,2017
537,Noah Johnson,919,43168,30,919,Legal,803,Project Beta 914,919,2018
537,Noah Johnson,919,43168,30,919,Legal,950,Project Alpha 516,919,2015
538,Liam Martinez,748,80335,44,748,HR,234,Project Delta 737,748,2012
538,Liam Martinez,748,80335,44,748,HR,351,Project Alpha 685,748,2020
541,Oliver Martinez,292,132101,23,292,HR,35,Project Beta 899,292,2015
541,Oliver Martinez,292,132101,23,292,HR,725,Project Beta 461,292,2017
542,Ava Brown,531,109551,54,531,Sales,7,Project Alpha 815,531,2017
542,Ava Brown,531,109551,54,531,Sales,799,Project Alpha 240,531,2014
545,James Martinez,73,99243,22,73,Support,415,Project Beta 275,73,2014
546,William Garcia,136,80703,58,136,Operations,208,Project Delta 251,136,2015
549,Emma Jones,221,35220,25,221,Sales,759,Project Epsilon 189,221,2021
550,Sophia Rodriguez,294,112388,54,294,HR,38,Project Delta 728,294,2017
550,Sophia Rodriguez,294,112388,54,294,HR,73,Project Beta 452,294,2017
551,Sophia Miller,719,82727,27,719,Support,122,Project Zeta 257,719,2018
552,Isabella Rodriguez,631,50012,39,631,Legal,511,Project Gamma 235,631,2014
553,Liam Jones,81,97017,35,81,R&D,815,Project Beta 233,81,2016
554,Olivia Rodriguez,335,81213,59,335,IT,987,Project Epsilon 855,335,2017
556,Emma Brown,89,86948,29,89,Finance,550,Project Zeta 222,89,2023
558,Olivia Johnson,13,122785,30,13,Engineering,757,Project Delta 481,13,2014
559,Emma Williams,509,75443,55,509,Finance,357,Project Epsilon 676,509,2018
559,Emma Williams,509,75443,55,509,Finance,710,Project Zeta 251,509,2012
559,Emma Williams,509,75443,55,509,Finance,956,Project Epsilon 357,509,2011
560,Isabella Jones,171,78741,30,171,Marketing,909,Project Zeta 447,171,2019
561,Ava Johnson,790,147951,23,790,Engineering,54,Project Alpha 126,790,2016
562,William Miller,279,98662,26,279,Engineering,388,Project Zeta 132,279,2016
564,James Rodriguez,369,37266,53,369,IT,30,Project Gamma 469,369,2018
564,James Rodriguez,369,37266,53,369,IT,177,Project Zeta 360,369,2017
564,James Rodriguez,369,37266,53,369,IT,343,Project Zeta 692,369,2010
565,Oliver Williams,377,50618,38,377,Engineering,705,Project Delta 735,377,2022
565,Oliver Williams,377,50618,38,377,Engineering,849,Project Delta 795,377,2012
566,Liam Martinez,691,124736,29,691,IT,167,Project Epsilon 466,691,2017
570,Isabella Miller,230,72179,37,230,HR,774,Project Zeta 574,230,2010
571,Sophia Garcia,278,138265,26,278,R&D,239,Project Zeta 732,278,2010
571,Sophia Garcia,278,138265,26,278,R&D,413,Project Epsilon 426,278,2012
571,Sophia Garcia,278,138265,26,278,R&D,623,Project Beta 755,278,2018
572,Oliver Garcia,123,95803,65,123,Operations,115,Project Gamma 698,123,2016
572,Oliver Garcia,123,95803,65,123,Operations,784,Project Zeta 937,123,2015
574,Emma Miller,71,144948,51,71,Finance,86,Project Beta 973,71,2012
575,Ava Jones,336,41322,57,336,Finance,666,Project Beta 353,336,2016
575,Ava Jones,336,41322,57,336,Finance,999,Project Epsilon 946,336,2022
576,James Smith,378,56302,40,378,HR,157,Project Delta 941,378,2022
577,Oliver Jones,758,111620,37,758,R&D,447,Project Zeta 179,758,2021
578,James Garcia,606,94665,34,606,Legal,888,Project Gamma 606,606,2016
579,Isabella Brown,155,30835,48,155,Support,514,Project Epsilon 856,155,2020
579,Isabella Brown,155,30835,48,155,Support,933,Project Beta 346,155,2021
581,Emma Garcia,2,129474,64,2,Engineering,360,Project Gamma 298,2,2011
582,Sophia Jones,107,56895,55,107,Support,639,Project Delta 144,107,2021
583,Noah Miller,504,37850,31,504,R&D,89,Project Zeta 737,504,2013
583,Noah Miller,504,37850,31,504,R&D,561,Project Delta 171,504,2013
583,Noah Miller,504,37850,31,504,R&D,778,Project Delta 283,504,2021
583,Noah Miller,504,37850,31,504,R&D,850,Project Alpha 790,504,2020
585,Sophia Garcia,470,128028,27,470,R&D,327,Project Gamma 112,470,2017
588,Sophia Williams,243,68230,38,243,Finance,646,Project Beta 200,243,2021
589,William Miller,718,139038,42,718,Support,516,Project Gamma 901,718,2013
590,William Davis,279,60619,26,279,Engineering,388,Project Zeta 132,279,2016
591,Noah Williams,799,130944,59,799,Legal,195,Project Delta 180,799,2010
592,Liam Williams,109,51544,50,109,IT,418,Project Zeta 151,109,2016
595,Ava Johnson,93,50658,65,93,IT,312,Project Beta 565,93,2014
595,Ava Johnson,93,50658,65,93,IT,676,Project Beta 763,93,2010
596,Ava Martinez,42,58183,42,42,Support,159,Project Gamma 641,42,2021
596,Ava Martinez,42,58183,42,42,Support,669,Project Delta 145,42,2017
598,Sophia Rodriguez,51,118759,41,51,Finance,338,Project Gamma 189,51,2011
599,Ava Williams,32,83004,50,32,Finance,383,Project Gamma 960,32,2015
600,Isabella Rodriguez,256,42415,51,256,Operations,79,Project Delta 504,256,2012
600,Isabella Rodriguez,256,42415,51,256,Operations,187,Project Gamma 696,256,2013
600,Isabella Rodriguez,256,42415,51,256,Operations,993,Project Alpha 261,256,2018
601,Liam Williams,125,31567,25,125,Legal,32,Project Alpha 521,125,2015
602,Noah Williams,203,137960,47,203,Sales,213,Project Delta 672,203,2017
602,Noah Williams,203,137960,47,203,Sales,423,Project Gamma 937,203,2021
605,James Williams,95,148630,43,95,Legal,747,Project Delta 465,95,2015
609,Olivia Garcia,220,149053,33,220,Operations,838,Project Delta 534,220,2018
610,Ava Jones,457,145792,31,457,Operations,751,Project Epsilon 969,457,2020
611,Emma Martinez,635,110868,37,635,Finance,138,Project Beta 119,635,2023
611,Emma Martinez,635,110868,37,635,Finance,547,Project Alpha 124,635,2011
612,Ava Davis,422,145707,57,422,Sales,78,Project Gamma 293,422,2018
612,Ava Davis,422,145707,57,422,Sales,895,Project Gamma 465,422,2015
613,James Smith,90,66670,46,90,HR,258,Project Zeta 240,90,2021
613,James Smith,90,66670,46,90,HR,707,Project Beta 568,90,2011
614,Olivia Miller,205,114233,55,205,Engineering,647,Project Delta 990,205,2016
614,Olivia Miller,205,114233,55,205,Engineering,991,Project Alpha 510,205,2020
617,William Martinez,515,72153,46,515,Sales,203,Project Beta 434,515,2021
619,Noah Smith,918,136258,39,918,Operations,100,Project Beta 296,918,2023
619,Noah Smith,918,136258,39,918,Operations,429,Project Beta 981,918,2019
621,Noah Williams,103,62487,64,103,R&D,616,Project Alpha 236,103,2022
622,Noah Jones,547,136992,25,547,Support,424,Project Zeta 928,547,2011
622,Noah Jones,547,136992,25,547,Support,591,Project Gamma 611,547,2023
622,Noah Jones,547,136992,25,547,Support,735,Project Epsilon 266,547,2014
623,Noah Martinez,867,134515,46,867,Sales,434,Project Delta 572,867,2012
624,William Williams,181,61005,59,181,R&D,640,Project Alpha 650,181,2012
625,William Garcia,936,107537,23,936,HR,462,Project Epsilon 913,936,2020
627,Noah Davis,556,70508,33,556,Sales,412,Project Alpha 311,556,2015
628,James Smith,93,37362,36,93,IT,312,Project Beta 565,93,2014
628,James Smith,93,37362,36,93,IT,676,Project Beta 763,93,2010
629,Oliver Brown,21,99002,52,21,Sales,948,Project Delta 901,21,2010
633,Liam Rodriguez,882,77826,26,882,Support,468,Project Gamma 212,882,2014
633,Liam Rodriguez,882,77826,26,882,Support,683,Project Zeta 101,882,2020
636,James Garcia,179,122691,57,179,Operations,6,Project Zeta 894,179,2017
638,Olivia Miller,315,126206,40,315,Operations,814,Project Zeta 332,315,2012
639,Olivia Williams,747,30235,58,747,Engineering,762,Project Zeta 534,747,2016
639,Olivia Williams,747,30235,58,747,Engineering,828,Project Epsilon 899,747,2019
639,Olivia Williams,747,30235,58,747,Engineering,986,Project Delta 716,747,2023
640,Sophia Martinez,34,53865,60,34,Sales,336,Project Beta 974,34,2020
640,Sophia Martinez,34,53865,60,34,Sales,685,Project Gamma 643,34,2014
641,William Martinez,227,113839,58,227,Operations,152,Project Alpha 475,227,2019
641,William Martinez,227,113839,58,227,Operations,802,Project Beta 615,227,2023
646,Ava Johnson,738,30167,25,738,HR,652,Project Beta 568,738,2013
647,Sophia Davis,751,85004,32,751,Operations,314,Project Beta 835,751,2011
648,Sophia Davis,903,79638,44,903,HR,925,Project Epsilon 284,903,2010
651,Emma Jones,21,71774,38,21,Sales,948,Project Delta 901,21,2010
652,Liam Johnson,351,52296,46,351,R&D,445,Project Epsilon 906,351,2018
654,William Martinez,629,147076,52,629,IT,564,Project Delta 323,629,2020
657,William Brown,998,54901,48,998,R&D,102,Project Alpha 224,998,2022
658,Isabella Rodriguez,272,116585,40,272,Marketing,560,Project Gamma 932,272,2012
658,Isabella Rodriguez,272,116585,40,272,Marketing,913,Project Beta 394,272,2010
659,Ava Brown,99,36505,47,99,Finance,797,Project Zeta 471,99,2018
661,Emma Garcia,4,86047,27,4,Sales,326,Project Beta 307,4,2019
664,Liam Davis,865,45139,41,865,Legal,634,Project Beta 801,865,2017
665,Sophia Davis,501,147293,64,501,Marketing,589,Project Epsilon 344,501,2016
665,Sophia Davis,501,147293,64,501,Marketing,906,Project Alpha 927,501,2011
666,Ava Johnson,658,101319,46,658,Sales,149,Project Alpha 684,658,2023
666,Ava Johnson,658,101319,46,658,Sales,193,Project Alpha 709,658,2014
667,Olivia Garcia,907,79996,45,907,Engineering,951,Project Zeta 773,907,2011
669,James Jones,232,139717,39,232,Operations,286,Project Beta 297,232,2010
669,James Jones,232,139717,39,232,Operations,484,Project Delta 463,232,2012
669,James Jones,232,139717,39,232,Operations,575,Project Alpha 653,232,2010
670,Oliver Smith,155,128596,64,155,Support,514,Project Epsilon 856,155,2020
670,Oliver Smith,155,128596,64,155,Support,933,Project Beta 346,155,2021
671,Liam Johnson,685,75061,56,685,IT,235,Project Zeta 815,685,2010
672,Sophia Martinez,233,102561,25,233,IT,69,Project Delta 652,233,2022
673,Sophia Rodriguez,429,100190,65,429,HR,628,Project Gamma 456,429,2010
674,James Martinez,903,60886,52,903,HR,925,Project Epsilon 284,903,2010
678,Olivia Williams,996,57772,34,996,Operations,868,Project Zeta 127,996,2012
679,Olivia Smith,434,40271,65,434,R&D,700,Project Epsilon 796,434,2014
682,Liam Miller,570,82082,57,570,HR,438,Project Alpha 433,570,2020
684,Oliver Martinez,536,132457,48,536,R&D,72,Project Alpha 100,536,2023
684,Oliver Martinez,536,132457,48,536,R&D,145,Project Alpha 198,536,2020
684,Oliver Martinez,536,132457,48,536,R&D,595,Project Zeta 783,536,2017
685,Liam Miller,154,49424,58,154,Engineering,321,Project Zeta 983,154,2012
688,William Miller,271,80206,63,271,Legal,524,Project Alpha 757,271,2022
693,William Smith,346,137136,41,346,HR,170,Project Delta 616,346,2020
693,William Smith,346,137136,41,346,HR,607,Project Beta 536,346,2022
693,William Smith,346,137136,41,346,HR,899,Project Gamma 217,346,2012
694,Ava Jones,864,94437,65,864,Finance,474,Project Epsilon 493,864,2015
695,Liam Brown,138,69384,50,138,Legal,347,Project Gamma 582,138,2011
695,Liam Brown,138,69384,50,138,Legal,476,Project Zeta 228,138,2010
696,William Jones,747,84627,60,747,Engineering,762,Project Zeta 534,747,2016
696,William Jones,747,84627,60,747,Engineering,828,Project Epsilon 899,747,2019
696,William Jones,747,84627,60,747,Engineering,986,Project Delta 716,747,2023
699,Isabella Williams,68,70779,54,68,IT,821,Project Gamma 144,68,2014
699,Isabella Williams,68,70779,54,68,IT,898,Project Alpha 804,68,2023
699,Isabella Williams,68,70779,54,68,IT,985,Project Gamma 618,68,2015
701,Oliver Smith,178,55265,34,178,Support,446,Project Zeta 341,178,2020
701,Oliver Smith,178,55265,34,178,Support,998,Project Beta 366,178,2020
702,Emma Brown,34,89827,25,34,Sales,336,Project Beta 974,34,2020
702,Emma Brown,34,89827,25,34,Sales,685,Project Gamma 643,34,2014
703,William Brown,281,78280,51,281,Engineering,410,Project Beta 261,281,2011
704,Isabella Miller,651,46236,65,651,Support,911,Project Beta 608,651,2023
705,Emma Brown,382,94066,60,382,Engineering,701,Project Alpha 164,382,2015
705,Emma Brown,382,94066,60,382,Engineering,734,Project Gamma 251,382,2017
706,James Williams,984,144095,52,984,Legal,259,Project Delta 633,984,2020
708,Ava Johnson,292,33597,46,292,HR,35,Project Beta 899,292,2015
708,Ava Johnson,292,33597,46,292,HR,725,Project Beta 461,292,2017
709,Emma Williams,875,105007,35,875,Marketing,15,Project Gamma 473,875,2016
710,Noah Brown,694,57096,39,694,Legal,644,Project Beta 865,694,2015
711,Sophia Rodriguez,21,143328,65,21,Sales,948,Project Delta 901,21,2010
713,Olivia Martinez,821,31109,36,821,Support,155,Project Alpha 579,821,2020
714,Ava Martinez,825,70037,63,825,HR,638,Project Gamma 731,825,2022
722,Ava Brown,154,97802,37,154,Engineering,321,Project Zeta 983,154,2012
724,Olivia Smith,672,95191,40,672,Support,718,Project Epsilon 451,672,2020
725,Ava Miller,415,80891,24,415,Engineering,736,Project Alpha 125,415,2017
727,Noah Rodriguez,654,132878,52,654,Marketing,549,Project Beta 713,654,2011
728,William Rodriguez,308,140810,32,308,R&D,188,Project Gamma 930,308,2011
728,William Rodriguez,308,140810,32,308,R&D,367,Project Alpha 415,308,2018
728,William Rodriguez,308,140810,32,308,R&D,921,Project Epsilon 923,308,2016
728,William Rodriguez,308,140810,32,308,R&D,934,Project Zeta 883,308,2023
729,Isabella Williams,301,42793,52,301,Support,873,Project Delta 306,301,2020
731,Olivia Garcia,671,41704,36,671,Finance,537,Project Alpha 361,671,2019
732,William Brown,763,144220,41,763,IT,29,Project Alpha 560,763,2015
735,Emma Martinez,595,111350,26,595,Finance,490,Project Gamma 215,595,2017
735,Emma Martinez,595,111350,26,595,Finance,697,Project Zeta 870,595,2023
738,Olivia Williams,206,74914,48,206,IT,238,Project Alpha 390,206,2022
740,Liam Davis,341,112710,33,341,Support,559,Project Delta 497,341,2010
741,William Smith,5,89251,39,5,Sales,401,Project Epsilon 218,5,2014
742,Noah Williams,591,130202,32,591,Operations,192,Project Zeta 819,591,2023
745,Emma Smith,547,56137,45,547,Support,424,Project Zeta 928,547,2011
745,Emma Smith,547,56137,45,547,Support,591,Project Gamma 611,547,2023
745,Emma Smith,547,56137,45,547,Support,735,Project Epsilon 266,547,2014
746,Emma Garcia,776,139212,55,776,Sales,289,Project Zeta 307,776,2013
746,Emma Garcia,776,139212,55,776,Sales,613,Project Gamma 244,776,2016
748,Noah Brown,711,144948,44,711,IT,83,Project Epsilon 926,711,2020
748,Noah Brown,711,144948,44,711,IT,621,Project Gamma 526,711,2022
748,Noah Brown,711,144948,44,711,IT,813,Project Beta 977,711,2012
749,Ava Williams,106,80272,54,106,Operations,52,Project Beta 506,106,2011
750,Oliver Jones,172,38557,24,172,Marketing,48,Project Delta 523,172,2012
750,Oliver Jones,172,38557,24,172,Marketing,114,Project Gamma 115,172,2022
750,Oliver Jones,172,38557,24,172,Marketing,522,Project Zeta 752,172,2013
750,Oliver Jones,172,38557,24,172,Marketing,525,Project Alpha 153,172,2017
751,Ava Jones,467,125398,55,467,IT,480,Project Delta 980,467,2022
752,Oliver Rodriguez,346,86841,65,346,HR,170,Project Delta 616,346,2020
752,Oliver Rodriguez,346,86841,65,346,HR,607,Project Beta 536,346,2022
752,Oliver Rodriguez,346,86841,65,346,HR,899,Project Gamma 217,346,2012
753,Olivia Garcia,924,94248,44,924,IT,902,Project Epsilon 627,924,2016
755,Emma Brown,230,125311,30,230,HR,774,Project Zeta 574,230,2010
756,Noah Smith,604,96143,32,604,Finance,963,Project Gamma 983,604,2010
758,Sophia Jones,790,100088,61,790,Engineering,54,Project Alpha 126,790,2016
760,Emma Smith,707,45176,48,707,Legal,305,Project Epsilon 155,707,2018
760,Emma Smith,707,45176,48,707,Legal,421,Project Zeta 956,707,2021
760,Emma Smith,707,45176,48,707,Legal,541,Project Gamma 793,707,2012
762,James Williams,211,121120,65,211,Legal,399,Project Zeta 235,211,2021
762,James Williams,211,121120,65,211,Legal,732,Project Gamma 288,211,2018
762,James Williams,211,121120,65,211,Legal,823,Project Alpha 716,211,2019
762,James Williams,211,121120,65,211,Legal,907,Project Zeta 791,211,2015
763,Emma Jones,431,116725,28,431,IT,95,Project Beta 450,431,2014
765,Sophia Johnson,524,124210,61,524,Legal,754,Project Epsilon 719,524,2010
770,Noah Davis,339,60737,22,339,R&D,431,Project Zeta 781,339,2022
771,Emma Johnson,929,44474,58,929,Operations,42,Project Delta 969,929,2011
771,Emma Johnson,929,44474,58,929,Operations,742,Project Epsilon 846,929,2017
772,James Williams,973,41807,54,973,Sales,318,Project Epsilon 726,973,2012
772,James Williams,973,41807,54,973,Sales,862,Project Zeta 717,973,2016
773,Liam Johnson,927,63540,63,927,Marketing,602,Project Zeta 151,927,2014
776,Ava Garcia,821,118705,42,821,Support,155,Project Alpha 579,821,2020
779,William Garcia,916,87372,61,916,Marketing,275,Project Zeta 941,916,2020
780,Ava Johnson,382,136818,43,382,Engineering,701,Project Alpha 164,382,2015
780,Ava Johnson,382,136818,43,382,Engineering,734,Project Gamma 251,382,2017
781,Olivia Johnson,411,82461,51,411,Finance,853,Project Beta 504,411,2021
782,Ava Miller,707,141499,52,707,Legal,305,Project Epsilon 155,707,2018
782,Ava Miller,707,141499,52,707,Legal,421,Project Zeta 956,707,2021
782,Ava Miller,707,141499,52,707,Legal,541,Project Gamma 793,707,2012
783,Sophia Williams,116,47368,25,116,HR,433,Project Alpha 586,116,2015
783,Sophia Williams,116,47368,25,116,HR,633,Project Alpha 298,116,2022
783,Sophia Williams,116,47368,25,116,HR,743,Project Gamma 805,116,2021
783,Sophia Williams,116,47368,25,116,HR,839,Project Beta 517,116,2022
784,Olivia Johnson,427,149436,59,427,IT,712,Project Alpha 400,427,2020
786,Oliver Miller,798,77002,61,798,Marketing,308,Project Alpha 284,798,2019
787,Emma Williams,495,93979,29,495,Legal,394,Project Alpha 918,495,2018
787,Emma Williams,495,93979,29,495,Legal,489,Project Alpha 681,495,2021
790,Isabella Martinez,742,104057,36,742,R&D,127,Project Delta 466,742,2012
790,Isabella Martinez,742,104057,36,742,R&D,952,Project Delta 959,742,2023
791,William Rodriguez,536,120209,61,536,R&D,72,Project Alpha 100,536,2023
791,William Rodriguez,536,120209,61,536,R&D,145,Project Alpha 198,536,2020
791,William Rodriguez,536,120209,61,536,R&D,595,Project Zeta 783,536,2017
794,Sophia Williams,860,138322,57,860,Finance,28,Project Gamma 587,860,2020
795,Oliver Smith,12,114331,32,12,Engineering,365,Project Zeta 317,12,2020
795,Oliver Smith,12,114331,32,12,Engineering,499,Project Epsilon 897,12,2017
796,Isabella Davis,873,94990,32,873,R&D,656,Project Beta 213,873,2017
799,Sophia Miller,837,60801,27,837,Support,809,Project Gamma 242,837,2017
800,James Davis,821,105108,50,821,Support,155,Project Alpha 579,821,2020
802,James Smith,106,82879,48,106,Operations,52,Project Beta 506,106,2011
805,Isabella Brown,671,118011,51,671,Finance,537,Project Alpha 361,671,2019
807,James Garcia,574,130586,61,574,Operations,364,Project Gamma 458,574,2022
807,James Garcia,574,130586,61,574,Operations,411,Project Alpha 737,574,2018
807,James Garcia,574,130586,61,574,Operations,942,Project Delta 597,574,2016
809,James Johnson,100,129525,64,100,Marketing,161,Project Beta 631,100,2011
809,James Johnson,100,129525,64,100,Marketing,426,Project Zeta 579,100,2017
809,James Johnson,100,129525,64,100,Marketing,533,Project Zeta 142,100,2018
809,James Johnson,100,129525,64,100,Marketing,894,Project Gamma 489,100,2016
810,Noah Smith,350,76548,62,350,HR,257,Project Beta 255,350,2016
812,Emma Williams,505,48408,48,505,Support,872,Project Epsilon 885,505,2022
813,Liam Jones,626,55679,34,626,Engineering,603,Project Alpha 567,626,2012
814,Liam Miller,221,89905,34,221,Sales,759,Project Epsilon 189,221,2021
815,William Johnson,776,84325,24,776,Sales,289,Project Zeta 307,776,2013
815,William Johnson,776,84325,24,776,Sales,613,Project Gamma 244,776,2016
816,Oliver Johnson,791,146884,50,791,R&D,182,Project Gamma 122,791,2023
817,James Martinez,980,96086,30,980,R&D,534,Project Zeta 462,980,2023
818,James Smith,544,126497,25,544,Support,918,Project Epsilon 920,544,2017
821,Olivia Johnson,397,116182,60,397,IT,141,Project Epsilon 938,397,2013
821,Olivia Johnson,397,116182,60,397,IT,400,Project Alpha 570,397,2021
821,Olivia Johnson,397,116182,60,397,IT,651,Project Delta 282,397,2015
822,Oliver Garcia,517,145525,46,517,Support,206,Project Epsilon 689,517,2011
822,Oliver Garcia,517,145525,46,517,Support,670,Project Zeta 887,517,2010
822,Oliver Garcia,517,145525,46,517,Support,874,Project Delta 602,517,2014
823,Sophia Martinez,938,120769,37,938,Finance,1,Project Beta 882,938,2018
823,Sophia Martinez,938,120769,37,938,Finance,61,Project Gamma 981,938,2015
825,James Williams,142,84099,60,142,Marketing,186,Project Gamma 259,142,2014
825,James Williams,142,84099,60,142,Marketing,266,Project Beta 983,142,2014
825,James Williams,142,84099,60,142,Marketing,680,Project Delta 890,142,2023
826,Isabella Jones,864,121946,57,864,Finance,474,Project Epsilon 493,864,2015
827,William Rodriguez,648,58487,34,648,Sales,579,Project Delta 156,648,2020
828,Noah Martinez,732,68086,65,732,Support,437,Project Delta 937,732,2022
830,Isabella Rodriguez,711,113476,42,711,IT,83,Project Epsilon 926,711,2020
830,Isabella Rodriguez,711,113476,42,711,IT,621,Project Gamma 526,711,2022
830,Isabella Rodriguez,711,113476,42,711,IT,813,Project Beta 977,711,2012
831,Liam Garcia,576,92963,59,576,Sales,886,Project Delta 587,576,2023
832,Oliver Miller,691,128024,56,691,IT,167,Project Epsilon 466,691,2017
833,Ava Miller,828,31673,55,828,Support,194,Project Alpha 848,828,2019
833,Ava Miller,828,31673,55,828,Support,515,Project Delta 478,828,2012
834,Liam Smith,391,49048,25,391,IT,101,Project Gamma 936,391,2023
836,Ava Jones,150,140019,25,150,IT,20,Project Delta 300,150,2022
836,Ava Jones,150,140019,25,150,IT,223,Project Delta 738,150,2017
836,Ava Jones,150,140019,25,150,IT,825,Project Alpha 192,150,2023
837,Ava Brown,772,100932,24,772,HR,698,Project Zeta 314,772,2021
838,William Davis,105,110754,65,105,Support,801,Project Gamma 266,105,2013
839,Isabella Brown,761,114819,57,761,R&D,915,Project Beta 739,761,2011
839,Isabella Brown,761,114819,57,761,R&D,928,Project Zeta 943,761,2017
840,Sophia Brown,524,132800,40,524,Legal,754,Project Epsilon 719,524,2010
841,Emma Miller,397,84600,65,397,IT,141,Project Epsilon 938,397,2013
841,Emma Miller,397,84600,65,397,IT,400,Project Alpha 570,397,2021
841,Emma Miller,397,84600,65,397,IT,651,Project Delta 282,397,2015
842,William Rodriguez,56,31699,38,56,HR,3,Project Epsilon 231,56,2018
843,Noah Martinez,890,132357,50,890,Finance,39,Project Zeta 248,890,2012
847,Olivia Williams,753,97350,29,753,Finance,105,Project Beta 571,753,2022
847,Olivia Williams,753,97350,29,753,Finance,293,Project Alpha 722,753,2023
848,Sophia Smith,439,66583,57,439,Marketing,665,Project Alpha 847,439,2021
849,Ava Williams,165,106544,38,165,Support,827,Project Gamma 460,165,2023
849,Ava Williams,165,106544,38,165,Support,984,Project Alpha 944,165,2021
850,Emma Garcia,478,123020,31,478,Sales,840,Project Gamma 226,478,2011
851,Emma Williams,951,72287,60,951,Support,40,Project Zeta 927,951,2015
851,Emma Williams,951,72287,60,951,Support,154,Project Zeta 603,951,2023
851,Emma Williams,951,72287,60,951,Support,650,Project Beta 321,951,2019
851,Emma Williams,951,72287,60,951,Support,737,Project Beta 569,951,2015
852,Emma Martinez,864,116755,41,864,Finance,474,Project Epsilon 493,864,2015
853,James Martinez,564,76934,26,564,Finance,172,Project Gamma 422,564,2015
853,James Martinez,564,76934,26,564,Finance,346,Project Delta 963,564,2011
853,James Martinez,564,76934,26,564,Finance,946,Project Gamma 774,564,2012
855,Liam Rodriguez,164,84516,56,164,Sales,635,Project Delta 280,164,2020
856,Isabella Miller,95,75796,36,95,Legal,747,Project Delta 465,95,2015
857,Noah Garcia,340,77290,40,340,Finance,501,Project Epsilon 851,340,2016
857,Noah Garcia,340,77290,40,340,Finance,739,Project Epsilon 619,340,2020
858,Noah Martinez,544,92240,57,544,Support,918,Project Epsilon 920,544,2017
859,Emma Johnson,685,75351,50,685,IT,235,Project Zeta 815,685,2010
860,Noah Martinez,941,111412,37,941,Operations,535,Project Delta 725,941,2020
861,Emma Garcia,391,134360,29,391,IT,101,Project Gamma 936,391,2023
862,Sophia Jones,554,124892,40,554,Legal,416,Project Epsilon 446,554,2017
862,Sophia Jones,554,124892,40,554,Legal,590,Project Alpha 911,554,2020
863,Emma Rodriguez,842,130990,45,842,Engineering,222,Project Gamma 731,842,2022
863,Emma Rodriguez,842,130990,45,842,Engineering,450,Project Epsilon 199,842,2017
864,Isabella Rodriguez,457,93806,24,457,Operations,751,Project Epsilon 969,457,2020
866,Liam Williams,995,131360,56,995,Finance,205,Project Zeta 502,995,2017
867,Isabella Smith,642,38581,35,642,Engineering,931,Project Epsilon 844,642,2010
868,Noah Miller,856,43621,35,856,Operations,146,Project Alpha 144,856,2012
870,Olivia Smith,471,123961,43,471,Finance,879,Project Delta 553,471,2010
872,Ava Rodriguez,73,105361,36,73,Support,415,Project Beta 275,73,2014
874,Sophia Miller,324,32213,46,324,Support,24,Project Epsilon 837,324,2022
876,Liam Martinez,47,121866,26,47,HR,611,Project Beta 882,47,2019
877,William Rodriguez,109,67989,65,109,IT,418,Project Zeta 151,109,2016
878,Ava Martinez,89,66899,50,89,Finance,550,Project Zeta 222,89,2023
879,Sophia Miller,842,116602,23,842,Engineering,222,Project Gamma 731,842,2022
879,Sophia Miller,842,116602,23,842,Engineering,450,Project Epsilon 199,842,2017
880,James Williams,547,58818,30,547,Support,424,Project Zeta 928,547,2011
880,James Williams,547,58818,30,547,Support,591,Project Gamma 611,547,2023
880,James Williams,547,58818,30,547,Support,735,Project Epsilon 266,547,2014
884,Oliver Martinez,404,100405,57,404,Marketing,671,Project Delta 643,404,2017
885,Liam Jones,216,128080,44,216,Support,978,Project Beta 404,216,2023
886,Noah Miller,928,114663,54,928,IT,236,Project Delta 696,928,2020
886,Noah Miller,928,114663,54,928,IT,500,Project Delta 624,928,2017
886,Noah Miller,928,114663,54,928,IT,660,Project Zeta 726,928,2012
886,Noah Miller,928,114663,54,928,IT,943,Project Delta 762,928,2010
887,Olivia Williams,189,58939,61,189,HR,13,Project Gamma 474,189,2017
887,Olivia Williams,189,58939,61,189,HR,553,Project Alpha 812,189,2014
887,Olivia Williams,189,58939,61,189,HR,989,Project Zeta 756,189,2020
890,James Rodriguez,75,68096,64,75,R&D,566,Project Alpha 135,75,2011
891,Liam Jones,101,55875,59,101,Sales,672,Project Zeta 941,101,2017
893,Noah Johnson,292,111201,26,292,HR,35,Project Beta 899,292,2015
893,Noah Johnson,292,111201,26,292,HR,725,Project Beta 461,292,2017
895,Oliver Jones,711,106568,31,711,IT,83,Project Epsilon 926,711,2020
895,Oliver Jones,711,106568,31,711,IT,621,Project Gamma 526,711,2022
895,Oliver Jones,711,106568,31,711,IT,813,Project Beta 977,711,2012
896,Oliver Martinez,374,135866,42,374,R&D,932,Project Epsilon 305,374,2017
897,Sophia Williams,5,71053,37,5,Sales,401,Project Epsilon 218,5,2014
899,Olivia Garcia,899,92908,51,899,IT,66,Project Zeta 751,899,2019
899,Olivia Garcia,899,92908,51,899,IT,298,Project Delta 946,899,2010
899,Olivia Garcia,899,92908,51,899,IT,389,Project Alpha 608,899,2013
900,James Garcia,794,70038,53,794,Engineering,817,Project Alpha 119,794,2017
901,Isabella Johnson,180,114613,60,180,Sales,371,Project Alpha 952,180,2013
901,Isabella Johnson,180,114613,60,180,Sales,768,Project Gamma 524,180,2018
902,Liam Jones,880,138323,30,880,Marketing,492,Project Zeta 639,880,2022
903,Isabella Brown,270,126147,62,270,R&D,81,Project Delta 325,270,2011
903,Isabella Brown,270,126147,62,270,R&D,135,Project Gamma 939,270,2018
904,Liam Johnson,914,32441,54,914,Legal,125,Project Gamma 924,914,2017
904,Liam Johnson,914,32441,54,914,Legal,375,Project Zeta 571,914,2023
904,Liam Johnson,914,32441,54,914,Legal,406,Project Gamma 754,914,2013
904,Liam Johnson,914,32441,54,914,Legal,667,Project Epsilon 327,914,2019
905,Emma Martinez,593,83101,59,593,Engineering,830,Project Alpha 939,593,2022
905,Emma Martinez,593,83101,59,593,Engineering,916,Project Zeta 964,593,2011
906,Noah Smith,565,64159,56,565,Sales,805,Project Epsilon 829,565,2021
909,Ava Williams,476,95683,54,476,R&D,682,Project Gamma 741,476,2021
910,Liam Miller,373,95820,22,373,Legal,690,Project Epsilon 790,373,2010
911,Noah Martinez,701,51737,54,701,Marketing,265,Project Epsilon 654,701,2022
911,Noah Martinez,701,51737,54,701,Marketing,496,Project Zeta 179,701,2020
912,Olivia Davis,164,53480,58,164,Sales,635,Project Delta 280,164,2020
913,Oliver Williams,754,125945,52,754,Support,215,Project Epsilon 730,754,2018
913,Oliver Williams,754,125945,52,754,Support,598,Project Alpha 137,754,2012
913,Oliver Williams,754,125945,52,754,Support,689,Project Epsilon 443,754,2010
913,Oliver Williams,754,125945,52,754,Support,845,Project Delta 714,754,2014
914,William Smith,225,129807,53,225,IT,631,Project Epsilon 619,225,2017
915,Noah Johnson,271,78422,36,271,Legal,524,Project Alpha 757,271,2022
916,Emma Brown,531,148977,45,531,Sales,7,Project Alpha 815,531,2017
916,Emma Brown,531,148977,45,531,Sales,799,Project Alpha 240,531,2014
918,Emma Garcia,106,122240,55,106,Operations,52,Project Beta 506,106,2011
919,Ava Jones,593,101349,58,593,Engineering,830,Project Alpha 939,593,2022
919,Ava Jones,593,101349,58,593,Engineering,916,Project Zeta 964,593,2011
921,Oliver Johnson,530,62975,46,530,Operations,493,Project Gamma 576,530,2011
922,Noah Rodriguez,416,76255,44,416,Legal,471,Project Zeta 491,416,2016
922,Noah Rodriguez,416,76255,44,416,Legal,939,Project Epsilon 341,416,2013
923,James Davis,909,109195,22,909,Support,46,Project Delta 377,909,2017
924,Isabella Williams,451,51706,36,451,HR,302,Project Beta 398,451,2016
924,Isabella Williams,451,51706,36,451,HR,836,Project Epsilon 289,451,2020
924,Isabella Williams,451,51706,36,451,HR,962,Project Beta 381,451,2016
926,Olivia Williams,162,77477,60,162,Sales,119,Project Alpha 354,162,2017
929,Noah Martinez,166,114837,48,166,HR,339,Project Delta 282,166,2020
929,Noah Martinez,166,114837,48,166,HR,557,Project Gamma 363,166,2022
931,Oliver Williams,138,112515,54,138,Legal,347,Project Gamma 582,138,2011
931,Oliver Williams,138,112515,54,138,Legal,476,Project Zeta 228,138,2010
932,Emma Martinez,151,37328,32,151,Marketing,741,Project Epsilon 782,151,2022
933,Ava Williams,530,83143,60,530,Operations,493,Project Gamma 576,530,2011
935,Ava Johnson,222,88877,60,222,HR,663,Project Delta 982,222,2019
938,Oliver Rodriguez,271,51983,65,271,Legal,524,Project Alpha 757,271,2022
939,William Davis,611,107410,26,611,Marketing,179,Project Alpha 391,611,2010
939,William Davis,611,107410,26,611,Marketing,420,Project Beta 821,611,2019
940,Noah Miller,395,47329,28,395,Sales,103,Project Zeta 354,395,2022
940,Noah Miller,395,47329,28,395,Sales,844,Project Delta 218,395,2014
941,Emma Brown,536,142668,54,536,R&D,72,Project Alpha 100,536,2023
941,Emma Brown,536,142668,54,536,R&D,145,Project Alpha 198,536,2020
941,Emma Brown,536,142668,54,536,R&D,595,Project Zeta 783,536,2017
942,Sophia Williams,621,42622,33,621,HR,385,Project Beta 684,621,2016
943,James Martinez,615,35116,56,615,R&D,171,Project Beta 646,615,2017
945,Olivia Martinez,553,138464,22,553,Legal,64,Project Beta 814,553,2012
945,Olivia Martinez,553,138464,22,553,Legal,202,Project Alpha 426,553,2019
945,Olivia Martinez,553,138464,22,553,Legal,885,Project Epsilon 801,553,2019
946,Sophia Rodriguez,431,78546,24,431,IT,95,Project Beta 450,431,2014
948,Sophia Garcia,604,135463,58,604,Finance,963,Project Gamma 983,604,2010
949,Liam Miller,138,63360,52,138,Legal,347,Project Gamma 582,138,2011
949,Liam Miller,138,63360,52,138,Legal,476,Project Zeta 228,138,2010
950,Noah Johnson,291,108419,56,291,Marketing,58,Project Beta 855,291,2017
950,Noah Johnson,291,108419,56,291,Marketing,414,Project Zeta 923,291,2019
951,Sophia Jones,194,30716,22,194,Engineering,715,Project Alpha 398,194,2011
952,Oliver Rodriguez,121,98126,22,121,HR,409,Project Delta 787,121,2014
953,Sophia Brown,705,135419,42,705,R&D,74,Project Epsilon 108,705,2017
953,Sophia Brown,705,135419,42,705,R&D,291,Project Epsilon 601,705,2015
954,Sophia Garcia,110,50287,49,110,Sales,961,Project Beta 247,110,2012
956,Sophia Martinez,375,110200,39,375,Operations,691,Project Alpha 492,375,2017
956,Sophia Martinez,375,110200,39,375,Operations,692,Project Epsilon 141,375,2015
957,Sophia Brown,424,102365,57,424,Engineering,363,Project Epsilon 524,424,2010
959,James Jones,315,105713,44,315,Operations,814,Project Zeta 332,315,2012
960,Sophia Williams,876,143223,64,876,Finance,661,Project Epsilon 666,876,2013
962,Liam Brown,521,82502,43,521,Support,436,Project Epsilon 230,521,2011
965,Liam Williams,483,108675,49,483,Support,12,Project Beta 375,483,2019
965,Liam Williams,483,108675,49,483,Support,648,Project Beta 175,483,2019
966,Liam Johnson,270,59067,45,270,R&D,81,Project Delta 325,270,2011
966,Liam Johnson,270,59067,45,270,R&D,135,Project Gamma 939,270,2018
967,Liam Martinez,39,124960,46,39,HR,185,Project Beta 196,39,2017
967,Liam Martinez,39,124960,46,39,HR,625,Project Epsilon 808,39,2019
968,Sophia Martinez,672,98289,40,672,Support,718,Project Epsilon 451,672,2020
970,James Davis,11,56438,64,11,Operations,542,Project Gamma 660,11,2020
971,Isabella Jones,200,34405,60,200,Engineering,540,Project Epsilon 888,200,2018
973,Olivia Smith,369,61359,63,369,IT,30,Project Gamma 469,369,2018
973,Olivia Smith,369,61359,63,369,IT,177,Project Zeta 360,369,2017
973,Olivia Smith,369,61359,63,369,IT,343,Project Zeta 692,369,2010
974,Emma Williams,89,66167,47,89,Finance,550,Project Zeta 222,89,2023
975,William Miller,416,106818,34,416,Legal,471,Project Zeta 491,416,2016
975,William Miller,416,106818,34,416,Legal,939,Project Epsilon 341,416,2013
976,Isabella Smith,755,122225,26,755,IT,982,Project Delta 582,755,2016
977,Liam Rodriguez,292,125176,57,292,HR,35,Project Beta 899,292,2015
977,Liam Rodriguez,292,125176,57,292,HR,725,Project Beta 461,292,2017
978,Oliver Garcia,356,136891,39,356,Sales,5,Project Alpha 614,356,2016
978,Oliver Garcia,356,136891,39,356,Sales,919,Project Delta 314,356,2022
980,Sophia Martinez,5,64223,33,5,Sales,401,Project Epsilon 218,5,2014
981,Sophia Rodriguez,110,103220,26,110,Sales,961,Project Beta 247,110,2012
982,Isabella Jones,349,45336,54,349,HR,395,Project Beta 294,349,2017
984,Ava Davis,990,79424,58,990,Sales,342,Project Epsilon 281,990,2017
985,James Brown,776,74520,51,776,Sales,289,Project Zeta 307,776,2013
985,James Brown,776,74520,51,776,Sales,613,Project Gamma 244,776,2016
987,Liam Jones,70,80157,62,70,Sales,270,Project Beta 425,70,2018
987,Liam Jones,70,80157,62,70,Sales,543,Project Alpha 951,70,2010
987,Liam Jones,70,80157,62,70,Sales,867,Project Alpha 950,70,2017
991,William Johnson,568,53394,52,568,IT,133,Project Epsilon 981,568,2012
991,William Johnson,568,53394,52,568,IT,771,Project Delta 396,568,2017
994,Noah Davis,755,56170,37,755,IT,982,Project Delta 582,755,2016
996,Noah Martinez,365,50446,28,365,Operations,422,Project Delta 731,365,2014
996,Noah Martinez,365,50446,28,365,Operations,861,Project Zeta 509,365,2017
998,Oliver Smith,783,142340,56,783,HR,173,Project Gamma 522,783,2020
998,Oliver Smith,783,142340,56,783,HR,883,Project Delta 599,783,2011
1000,James Martinez,890,66009,53,890,Finance,39,Project Zeta 248,890,2012
