employee_id_P,name,departments_department_id,salary,age
1,Ava Jones,858,106931,59
2,James Williams,458,100592,52
3,William Garcia,566,129991,56
4,Sophia Davis,956,72176,34
5,Noah Martinez,393,60613,48
6,Emma Garcia,763,91993,46
7,Sophia Williams,508,34852,30
8,Isabella Martinez,340,143993,28
9,James Johnson,539,149333,51
10,Emma Williams,420,144154,63
11,Olivia Johnson,481,132436,38
12,William Martinez,710,82098,63
13,Liam Garcia,873,118389,56
14,Sophia Garcia,642,124203,53
15,Isabella Smith,633,38968,37
16,Ava Brown,765,41846,49
17,Liam Johnson,455,51805,41
18,Emma Smith,333,134352,25
19,Ava Garcia,384,86450,31
20,Noah Rodriguez,422,104177,65
21,Olivia Williams,180,40350,61
22,Sophia Martinez,700,61566,53
23,Oliver Williams,238,90443,62
24,Ava Davis,262,117404,22
25,James Jones,694,101643,32
26,Liam Davis,968,75293,59
27,Ava Miller,707,62780,51
28,Ava Brown,394,141848,52
29,Liam Brown,391,104963,44
30,Oliver Jones,717,68696,23
31,Sophia Jones,9,104177,65
32,Emma Martinez,764,95107,40
33,Noah Martinez,822,76179,36
34,Noah Martinez,257,118835,64
35,Olivia Johnson,926,112242,63
36,Emma Jones,808,87779,24
37,Oliver Garcia,750,47224,27
38,Ava Garcia,766,84460,33
39,Noah Williams,806,100701,45
40,Isabella Rodriguez,936,65720,32
41,Ava Davis,991,135708,40
42,William Johnson,480,39869,31
43,Noah Miller,991,140853,57
44,William Johnson,810,81717,22
45,Ava Rodriguez,127,89609,45
46,Ava Martinez,391,137795,62
47,William Johnson,692,60647,52
48,Emma Martinez,906,103584,42
49,Oliver Brown,664,38285,62
50,James Jones,665,83516,29
51,Olivia Smith,969,34877,41
52,James Johnson,100,60775,56
53,Olivia Miller,465,78629,64
54,Isabella Miller,602,127290,31
55,Sophia Johnson,854,94139,61
56,Sophia Jones,34,120476,45
57,Noah Davis,456,60947,45
58,Liam Garcia,558,148187,63
59,William Smith,408,66160,34
60,Liam Davis,94,116870,35
61,Oliver Smith,52,133126,43
62,Noah Williams,806,104000,35
63,Liam Rodriguez,213,106858,35
64,Noah Garcia,793,49340,60
65,Emma Jones,880,48964,30
66,Isabella Jones,818,52871,29
67,Emma Williams,16,76955,37
68,Oliver Garcia,17,52838,38
69,Emma Williams,760,85176,55
70,Liam Johnson,488,88756,45
71,Isabella Martinez,112,89245,54
72,Noah Martinez,45,125321,64
73,Isabella Jones,470,114323,23
74,Emma Davis,868,82640,49
75,Liam Davis,730,149236,50
76,Liam Johnson,330,109730,31
77,Liam Williams,282,111830,62
78,Oliver Rodriguez,730,72622,46
79,Oliver Rodriguez,302,89469,54
80,Oliver Miller,102,133952,29
81,Isabella Brown,441,89186,36
82,Sophia Garcia,848,89441,47
83,Sophia Johnson,321,85936,42
84,Ava Garcia,977,50006,65
85,James Johnson,94,139022,27
86,Liam Miller,99,127594,45
87,Olivia Rodriguez,62,106869,57
88,Isabella Garcia,687,46021,48
89,William Miller,889,124510,25
90,Ava Martinez,320,76090,28
91,Oliver Rodriguez,218,50280,64
92,James Brown,868,44184,44
93,Isabella Garcia,118,129956,39
94,Oliver Brown,827,86244,57
95,Oliver Martinez,692,114239,57
96,Emma Martinez,952,116223,39
97,Emma Williams,280,122104,41
98,William Garcia,7,53777,31
99,Oliver Miller,72,48595,62
100,Emma Johnson,765,99531,35
101,Sophia Miller,465,74681,32
102,William Jones,739,72517,58
103,Oliver Johnson,905,36895,31
104,Olivia Martinez,51,118338,27
105,Ava Davis,678,85576,53
106,Oliver Davis,425,65804,35
107,Isabella Johnson,354,86349,29
108,Ava Martinez,499,99066,64
109,Ava Smith,226,81807,60
110,Emma Smith,210,69507,35
111,Olivia Jones,297,73007,29
112,Emma Davis,765,86446,33
113,Olivia Miller,546,122231,36
114,Isabella Rodriguez,854,117562,44
115,Liam Miller,883,127260,24
116,Sophia Smith,471,40205,42
117,Oliver Miller,588,83008,62
118,Sophia Jones,118,83088,23
119,William Williams,821,111018,51
120,William Johnson,448,140688,28
121,Noah Miller,604,82487,55
122,Liam Miller,892,70668,43
123,Noah Garcia,798,52037,26
124,Isabella Johnson,544,96840,34
125,William Garcia,745,137341,63
126,Olivia Brown,106,49194,38
127,Noah Williams,617,50036,63
128,Liam Williams,975,131298,62
129,James Davis,773,103889,59
130,James Martinez,659,113269,61
131,William Garcia,155,87640,26
132,James Davis,647,69691,39
133,Oliver Smith,361,96497,26
134,Ava Davis,463,34929,25
135,William Jones,79,114497,27
136,Oliver Martinez,520,80394,51
137,Oliver Rodriguez,978,133785,24
138,James Martinez,668,54672,42
139,Oliver Davis,514,49773,25
140,James Johnson,831,147850,43
141,Liam Rodriguez,662,52617,24
142,Noah Davis,450,98690,55
143,Oliver Williams,373,78870,40
144,Sophia Miller,794,74350,65
145,Oliver Smith,809,112691,63
146,William Johnson,338,42387,57
147,Sophia Jones,259,124861,64
148,Oliver Williams,342,40682,59
149,Olivia Garcia,318,115990,64
150,Sophia Williams,610,122908,27
151,Ava Rodriguez,386,114343,43
152,Olivia Rodriguez,96,114675,64
153,Sophia Rodriguez,371,32389,45
154,Ava Williams,974,58074,43
155,James Brown,232,48030,31
156,Liam Jones,865,133300,28
157,Isabella Rodriguez,856,126815,55
158,Emma Garcia,898,130441,61
159,Olivia Martinez,386,50218,32
160,Olivia Martinez,829,148312,32
161,James Smith,421,77749,65
162,Noah Davis,626,67346,50
163,Noah Rodriguez,245,70562,52
164,Noah Garcia,695,104766,50
165,James Jones,797,80052,54
166,Isabella Miller,990,51241,34
167,Oliver Williams,894,62768,25
168,James Garcia,568,43446,55
169,Liam Jones,86,130023,32
170,Ava Davis,928,97286,31
171,Sophia Johnson,970,149341,36
172,James Garcia,953,33495,48
173,Emma Miller,515,79015,37
174,Sophia Johnson,384,59430,23
175,William Johnson,860,123677,63
176,William Williams,141,35020,40
177,James Williams,778,122476,52
178,James Martinez,6,148732,27
179,Emma Jones,221,139440,31
180,Isabella Martinez,541,85476,29
181,Ava Brown,309,45970,25
182,Noah Miller,655,134057,61
183,James Johnson,114,139666,53
184,Oliver Rodriguez,17,112831,54
185,Oliver Brown,736,48818,40
186,Sophia Smith,630,76244,37
187,Oliver Miller,192,117080,64
188,Liam Rodriguez,999,77265,26
189,Isabella Rodriguez,520,133076,54
190,Isabella Smith,400,144469,52
191,Emma Miller,383,63246,23
192,William Johnson,354,61604,64
193,Liam Martinez,753,129179,43
194,Olivia Smith,361,101567,43
195,Olivia Davis,713,92722,62
196,Olivia Williams,65,123853,51
197,Emma Jones,207,35741,34
198,Emma Garcia,956,70642,54
199,Sophia Rodriguez,485,63202,24
200,Noah Jones,366,143002,25
201,William Jones,128,134771,45
202,Sophia Miller,762,87637,46
203,William Williams,509,120710,53
204,William Rodriguez,274,135008,27
205,Sophia Johnson,441,108964,33
206,Isabella Jones,329,43447,27
207,William Jones,314,88447,60
208,Sophia Williams,707,88183,44
209,James Smith,745,144037,44
210,Oliver Miller,282,113816,25
211,Liam Miller,373,97251,65
212,Olivia Smith,147,141236,60
213,James Smith,130,38812,37
214,William Garcia,393,104349,24
215,Oliver Williams,696,88972,45
216,William Davis,782,40077,58
217,Olivia Rodriguez,376,82171,42
218,Ava Brown,984,44869,23
219,Olivia Davis,531,80723,57
220,Liam Jones,794,64116,50
221,Noah Martinez,293,120961,53
222,Noah Johnson,139,141781,26
223,James Williams,921,123502,50
224,Liam Garcia,684,75537,26
225,Isabella Rodriguez,298,146828,41
226,Olivia Williams,813,77381,54
227,Noah Johnson,206,133817,30
228,Noah Davis,27,77303,57
229,Oliver Garcia,479,135337,57
230,Olivia Martinez,906,41300,26
231,Ava Miller,735,124223,52
232,Isabella Miller,788,83665,58
233,Liam Williams,996,71553,63
234,Liam Davis,478,119143,55
235,William Williams,900,138665,57
236,Oliver Williams,787,46912,49
237,Isabella Smith,852,46274,55
238,Olivia Jones,169,51229,42
239,Noah Garcia,971,98012,40
240,Liam Jones,202,113238,57
241,Ava Williams,641,69691,61
242,Isabella Johnson,515,114015,32
243,Oliver Martinez,158,52439,64
244,Oliver Martinez,346,140432,58
245,Emma Smith,84,35958,63
246,Oliver Jones,667,57631,58
247,Sophia Martinez,655,33969,53
248,Isabella Jones,658,69596,52
249,Noah Miller,305,89446,26
250,Emma Williams,451,84476,52
251,James Brown,349,109516,31
252,William Garcia,752,142823,44
253,Sophia Williams,779,78567,54
254,Isabella Johnson,327,61685,51
255,Liam Jones,461,62495,31
256,Liam Smith,298,80351,61
257,Sophia Brown,986,143417,32
258,William Martinez,739,70988,34
259,Olivia Davis,528,91186,53
260,Ava Davis,24,41802,47
261,Isabella Davis,990,61552,35
262,Oliver Garcia,50,36624,40
263,James Martinez,904,140473,63
264,James Jones,550,31071,28
265,Sophia Williams,904,64664,45
266,Sophia Garcia,47,82505,25
267,Oliver Rodriguez,200,77516,57
268,Ava Johnson,396,96093,50
269,Isabella Jones,846,111689,65
270,Oliver Johnson,132,42672,47
271,William Garcia,572,77920,31
272,Noah Martinez,522,82610,54
273,Emma Smith,40,47961,43
274,James Rodriguez,468,49521,60
275,Isabella Williams,336,110356,42
276,Olivia Miller,632,126904,41
277,Oliver Garcia,520,138565,54
278,Isabella Davis,726,103783,41
279,James Smith,378,73416,65
280,Liam Miller,598,70327,62
281,Emma Martinez,486,64803,63
282,Oliver Martinez,234,124555,25
283,Oliver Davis,175,98712,62
284,Oliver Miller,152,137696,65
285,Noah Smith,587,121818,29
286,Noah Smith,452,71116,48
287,Olivia Miller,708,56724,48
288,Isabella Martinez,943,91814,25
289,Olivia Rodriguez,213,103516,42
290,James Rodriguez,386,71124,33
291,James Rodriguez,351,101601,44
292,Ava Martinez,496,55200,37
293,Ava Rodriguez,306,59473,41
294,Ava Brown,707,122404,53
295,William Davis,358,103464,39
296,Ava Johnson,588,118686,56
297,Sophia Miller,839,75237,31
298,Ava Smith,295,123603,27
299,William Davis,672,63612,52
300,Noah Brown,848,100592,39
301,Isabella Jones,141,44316,61
302,Oliver Brown,249,36653,64
303,Isabella Brown,654,60518,25
304,Liam Miller,339,124025,52
305,Liam Williams,6,102135,32
306,Sophia Davis,489,115267,34
307,Ava Garcia,293,114659,25
308,Liam Martinez,238,100143,24
309,Olivia Miller,904,139786,33
310,Emma Miller,807,94930,33
311,Ava Smith,10,69110,58
312,Oliver Johnson,951,73914,40
313,James Rodriguez,537,94738,30
314,Isabella Davis,280,55272,29
315,William Williams,749,90150,63
316,Ava Williams,15,126549,43
317,Ava Martinez,691,129258,34
318,Olivia Martinez,877,113719,47
319,Sophia Rodriguez,336,41368,47
320,Liam Williams,144,92580,42
321,Noah Smith,268,80275,37
322,James Jones,977,73204,41
323,Oliver Martinez,12,64282,63
324,William Brown,64,117528,29
325,James Jones,164,83138,65
326,Isabella Jones,707,45389,62
327,Ava Garcia,630,58947,36
328,Olivia Davis,157,89634,60
329,William Miller,719,101989,52
330,Isabella Brown,781,62435,65
331,Oliver Johnson,539,88556,55
332,William Johnson,940,103946,29
333,Emma Rodriguez,925,96255,34
334,Oliver Rodriguez,154,51566,42
335,Isabella Davis,120,119167,35
336,Oliver Davis,94,147819,54
337,James Smith,465,47294,54
338,Sophia Davis,578,37567,57
339,James Jones,741,32853,47
340,Ava Smith,764,58560,59
341,Liam Smith,434,75158,26
342,Isabella Smith,958,147207,26
343,James Smith,294,83591,33
344,Olivia Miller,384,146828,46
345,James Miller,385,40518,65
346,Isabella Williams,670,142759,44
347,Liam Williams,551,81518,55
348,Olivia Brown,855,30455,23
349,Ava Davis,690,124253,56
350,Sophia Rodriguez,389,137919,36
351,Noah Davis,355,50332,39
352,Noah Johnson,33,136099,64
353,Sophia Martinez,785,145835,23
354,Noah Brown,69,43224,60
355,Emma Davis,613,118083,25
356,Noah Smith,412,87535,36
357,Isabella Brown,773,143210,25
358,Olivia Rodriguez,297,60692,58
359,William Martinez,613,131258,65
360,William Brown,310,144852,31
361,Isabella Brown,424,69387,39
362,Emma Rodriguez,972,107550,33
363,Sophia Rodriguez,508,36145,44
364,Sophia Rodriguez,327,121266,48
365,Sophia Williams,308,79343,33
366,Isabella Davis,247,141324,36
367,Ava Williams,826,90689,25
368,Isabella Miller,992,84592,57
369,Isabella Williams,398,61831,38
370,Noah Garcia,663,40363,50
371,William Johnson,549,124972,34
372,Emma Jones,387,118299,60
373,Oliver Smith,895,39539,34
374,Oliver Rodriguez,223,92835,35
375,William Jones,980,149143,22
376,Noah Brown,986,127186,29
377,James Brown,713,109220,35
378,Sophia Brown,566,72154,40
379,Sophia Davis,547,115029,44
380,Ava Jones,369,97215,53
381,James Johnson,823,124688,52
382,William Brown,380,71015,48
383,Emma Martinez,885,59002,31
384,Emma Jones,567,106550,59
385,Sophia Jones,157,55715,43
386,Noah Miller,584,139230,37
387,James Rodriguez,671,119764,43
388,Ava Davis,990,124838,63
389,James Davis,173,126045,44
390,Olivia Williams,738,101636,53
391,Olivia Rodriguez,658,37698,55
392,Emma Johnson,968,137216,64
393,Emma Smith,423,48021,62
394,Noah Johnson,725,49795,22
395,Noah Rodriguez,467,78916,25
396,Oliver Martinez,935,93334,64
397,James Smith,7,99758,57
398,Sophia Smith,18,99391,39
399,Isabella Jones,18,95826,65
400,Sophia Williams,110,42624,55
401,Olivia Brown,197,111235,55
402,Ava Garcia,274,134193,47
403,Liam Garcia,983,83218,51
404,Oliver Brown,714,59603,41
405,Liam Smith,96,83120,46
406,Sophia Rodriguez,488,37355,62
407,Emma Williams,85,95517,49
408,William Martinez,879,42499,55
409,Emma Brown,217,148131,58
410,James Jones,48,39744,65
411,Ava Rodriguez,578,116259,24
412,Olivia Garcia,17,57152,59
413,Olivia Miller,952,40084,41
414,Olivia Martinez,247,104277,46
415,Isabella Garcia,394,129039,30
416,Liam Rodriguez,764,75332,25
417,Liam Miller,238,139926,26
418,William Martinez,788,110460,60
419,Sophia Garcia,31,113115,39
420,James Davis,234,76636,57
421,Sophia Miller,191,119088,59
422,Sophia Johnson,791,111083,40
423,Noah Johnson,85,65123,31
424,Sophia Williams,758,81068,42
425,William Johnson,94,30680,41
426,James Garcia,780,65358,28
427,Olivia Johnson,192,86489,50
428,Isabella Rodriguez,525,83483,28
429,Emma Johnson,363,102642,27
430,Oliver Martinez,804,72523,46
431,Emma Jones,424,80829,27
432,Isabella Brown,586,98302,32
433,Sophia Williams,143,65247,41
434,Ava Davis,150,38292,32
435,Sophia Jones,432,69289,52
436,Liam Garcia,258,62321,62
437,James Martinez,632,55630,51
438,Liam Williams,312,30887,47
439,William Martinez,390,135391,43
440,James Garcia,441,136886,63
441,Oliver Williams,308,72030,60
442,Noah Davis,322,53283,47
443,William Jones,753,121089,62
444,James Martinez,801,61775,42
445,Sophia Jones,837,133005,47
446,William Johnson,955,103905,34
447,Oliver Rodriguez,185,119353,57
448,Emma Davis,966,122847,35
449,James Jones,852,120811,26
450,Sophia Davis,143,113012,41
451,Noah Jones,675,50203,49
452,Sophia Johnson,460,108372,52
453,Oliver Miller,548,96402,48
454,Isabella Smith,810,77124,56
455,Oliver Johnson,112,130788,37
456,William Williams,663,110304,24
457,Oliver Miller,991,128655,43
458,Sophia Johnson,11,42924,38
459,Noah Rodriguez,765,97999,57
460,Oliver Martinez,227,88429,45
461,Sophia Davis,791,119070,59
462,Isabella Williams,354,33219,52
463,Liam Jones,426,41253,29
464,Olivia Garcia,320,74966,51
465,Noah Rodriguez,495,75652,52
466,Liam Davis,740,121326,50
467,William Johnson,308,35856,29
468,Emma Garcia,664,44334,65
469,Olivia Brown,529,52865,57
470,Olivia Garcia,574,85885,51
471,Noah Miller,645,54176,33
472,Sophia Miller,30,126650,61
473,Noah Davis,607,86302,46
474,Emma Brown,211,66483,26
475,Oliver Johnson,819,144292,56
476,Olivia Garcia,334,55830,51
477,Liam Jones,687,143067,53
478,Isabella Garcia,612,80939,61
479,Sophia Martinez,117,75603,44
480,James Martinez,177,136658,65
481,Ava Martinez,605,41108,65
482,Olivia Garcia,121,61270,41
483,Liam Williams,383,120890,31
484,Isabella Miller,429,108174,30
485,Oliver Miller,434,54347,53
486,Isabella Williams,569,51871,53
487,Ava Williams,192,71232,50
488,Oliver Smith,887,77059,22
489,James Williams,200,136851,46
490,Isabella Rodriguez,669,94876,48
491,James Miller,728,140086,50
492,James Williams,85,104107,23
493,Noah Jones,34,66025,36
494,Isabella Jones,173,132333,51
495,Oliver Davis,563,96952,29
496,Oliver Johnson,275,131595,56
497,William Rodriguez,843,129193,24
498,James Rodriguez,224,85725,28
499,Noah Jones,896,34224,50
500,Ava Garcia,883,137050,27
501,James Johnson,795,136415,37
502,Noah Martinez,706,75957,61
503,Sophia Williams,631,48249,35
504,Noah Smith,584,75982,56
505,Ava Martinez,552,52069,42
506,Ava Jones,587,65041,54
507,Liam Williams,986,128316,48
508,Emma Jones,888,115969,30
509,Olivia Brown,150,123243,42
510,Noah Miller,502,48634,58
511,Ava Miller,385,89243,26
512,Liam Miller,528,128278,39
513,William Davis,974,93968,42
514,Oliver Smith,890,131467,27
515,James Garcia,871,38300,56
516,Sophia Brown,992,86314,35
517,James Jones,331,138572,40
518,William Rodriguez,592,47117,58
519,James Garcia,916,119463,25
520,Emma Johnson,642,132745,51
521,Emma Johnson,952,142414,32
522,James Davis,1,86072,34
523,Olivia Jones,163,144612,39
524,Liam Garcia,257,40803,45
525,Olivia Smith,406,111999,41
526,Noah Miller,672,41953,28
527,Emma Brown,489,40215,30
528,Oliver Brown,532,119126,50
529,Emma Smith,713,75032,29
530,Sophia Williams,490,39283,36
531,Sophia Johnson,749,135638,28
532,Liam Garcia,377,145472,41
533,Olivia Miller,793,136609,30
534,Olivia Johnson,544,103831,22
535,Oliver Williams,451,76030,35
536,Olivia Miller,631,119989,50
537,Noah Johnson,919,43168,30
538,Liam Martinez,748,80335,44
539,Sophia Garcia,811,48327,37
540,Ava Johnson,255,102534,60
541,Oliver Martinez,292,132101,23
542,Ava Brown,531,109551,54
543,Noah Miller,303,114694,25
544,Noah Davis,396,44777,37
545,James Martinez,73,99243,22
546,William Garcia,136,80703,58
547,Sophia Garcia,560,119514,33
548,James Johnson,18,106986,26
549,Emma Jones,221,35220,25
550,Sophia Rodriguez,294,112388,54
551,Sophia Miller,719,82727,27
552,Isabella Rodriguez,631,50012,39
553,Liam Jones,81,97017,35
554,Olivia Rodriguez,335,81213,59
555,Liam Jones,716,87342,37
556,Emma Brown,89,86948,29
557,James Martinez,624,37212,41
558,Olivia Johnson,13,122785,30
559,Emma Williams,509,75443,55
560,Isabella Jones,171,78741,30
561,Ava Johnson,790,147951,23
562,William Miller,279,98662,26
563,Ava Martinez,643,40101,53
564,James Rodriguez,369,37266,53
565,Oliver Williams,377,50618,38
566,Liam Martinez,691,124736,29
567,Noah Rodriguez,3,35772,22
568,Noah Smith,484,77707,46
569,Olivia Williams,954,142392,24
570,Isabella Miller,230,72179,37
571,Sophia Garcia,278,138265,26
572,Oliver Garcia,123,95803,65
573,Emma Williams,229,135426,55
574,Emma Miller,71,144948,51
575,Ava Jones,336,41322,57
576,James Smith,378,56302,40
577,Oliver Jones,758,111620,37
578,James Garcia,606,94665,34
579,Isabella Brown,155,30835,48
580,Emma Brown,555,75406,62
581,Emma Garcia,2,129474,64
582,Sophia Jones,107,56895,55
583,Noah Miller,504,37850,31
584,Ava Johnson,45,60339,55
585,Sophia Garcia,470,128028,27
586,Oliver Johnson,518,47499,62
587,Sophia Johnson,607,104425,25
588,Sophia Williams,243,68230,38
589,William Miller,718,139038,42
590,William Davis,279,60619,26
591,Noah Williams,799,130944,59
592,Liam Williams,109,51544,50
593,James Garcia,417,45825,56
594,William Brown,463,70410,51
595,Ava Johnson,93,50658,65
596,Ava Martinez,42,58183,42
597,Olivia Johnson,729,62534,44
598,Sophia Rodriguez,51,118759,41
599,Ava Williams,32,83004,50
600,Isabella Rodriguez,256,42415,51
601,Liam Williams,125,31567,25
602,Noah Williams,203,137960,47
603,William Johnson,597,106823,38
604,Liam Smith,67,55919,63
605,James Williams,95,148630,43
606,Liam Smith,965,90423,25
607,Olivia Martinez,444,137699,47
608,James Smith,392,119550,49
609,Olivia Garcia,220,149053,33
610,Ava Jones,457,145792,31
611,Emma Martinez,635,110868,37
612,Ava Davis,422,145707,57
613,James Smith,90,66670,46
614,Olivia Miller,205,114233,55
615,Noah Rodriguez,814,32559,46
616,William Davis,558,132424,53
617,William Martinez,515,72153,46
618,Ava Williams,27,71795,60
619,Noah Smith,918,136258,39
620,Emma Davis,543,76849,59
621,Noah Williams,103,62487,64
622,Noah Jones,547,136992,25
623,Noah Martinez,867,134515,46
624,William Williams,181,61005,59
625,William Garcia,936,107537,23
626,William Martinez,578,48625,58
627,Noah Davis,556,70508,33
628,James Smith,93,37362,36
629,Oliver Brown,21,99002,52
630,Emma Garcia,940,110495,34
631,Olivia Garcia,735,53260,42
632,Emma Smith,152,106888,31
633,Liam Rodriguez,882,77826,26
634,William Miller,601,43242,43
635,Ava Garcia,140,50644,49
636,James Garcia,179,122691,57
637,Oliver Garcia,229,117232,59
638,Olivia Miller,315,126206,40
639,Olivia Williams,747,30235,58
640,Sophia Martinez,34,53865,60
641,William Martinez,227,113839,58
642,Liam Davis,145,73406,26
643,Noah Garcia,328,52005,62
644,Liam Garcia,458,31493,38
645,Noah Brown,710,38885,44
646,Ava Johnson,738,30167,25
647,Sophia Davis,751,85004,32
648,Sophia Davis,903,79638,44
649,Isabella Miller,104,138633,52
650,Oliver Brown,167,89151,26
651,Emma Jones,21,71774,38
652,Liam Johnson,351,52296,46
653,Olivia Johnson,561,147718,27
654,William Martinez,629,147076,52
655,Emma Miller,966,115673,32
656,Oliver Miller,161,37019,28
657,William Brown,998,54901,48
658,Isabella Rodriguez,272,116585,40
659,Ava Brown,99,36505,47
660,Oliver Rodriguez,861,94349,31
661,Emma Garcia,4,86047,27
662,Ava Martinez,492,56171,28
663,Emma Brown,175,113648,40
664,Liam Davis,865,45139,41
665,Sophia Davis,501,147293,64
666,Ava Johnson,658,101319,46
667,Olivia Garcia,907,79996,45
668,Olivia Davis,46,64510,50
669,James Jones,232,139717,39
670,Oliver Smith,155,128596,64
671,Liam Johnson,685,75061,56
672,Sophia Martinez,233,102561,25
673,Sophia Rodriguez,429,100190,65
674,James Martinez,903,60886,52
675,Ava Johnson,405,148328,24
676,Isabella Martinez,923,97740,58
677,Oliver Williams,124,129246,50
678,Olivia Williams,996,57772,34
679,Olivia Smith,434,40271,65
680,Sophia Brown,843,112211,31
681,Oliver Jones,328,149380,26
682,Liam Miller,570,82082,57
683,William Jones,533,90051,22
684,Oliver Martinez,536,132457,48
685,Liam Miller,154,49424,58
686,Oliver Martinez,777,43133,28
687,Oliver Johnson,805,67498,56
688,William Miller,271,80206,63
689,James Martinez,624,92003,24
690,Olivia Jones,413,48855,61
691,Oliver Miller,40,81877,43
692,Noah Smith,764,92287,39
693,William Smith,346,137136,41
694,Ava Jones,864,94437,65
695,Liam Brown,138,69384,50
696,William Jones,747,84627,60
697,Liam Brown,453,57707,48
698,James Rodriguez,889,79009,25
699,Isabella Williams,68,70779,54
700,Sophia Williams,800,141580,55
701,Oliver Smith,178,55265,34
702,Emma Brown,34,89827,25
703,William Brown,281,78280,51
704,Isabella Miller,651,46236,65
705,Emma Brown,382,94066,60
706,James Williams,984,144095,52
707,Oliver Rodriguez,359,75121,32
708,Ava Johnson,292,33597,46
709,Emma Williams,875,105007,35
710,Noah Brown,694,57096,39
711,Sophia Rodriguez,21,143328,65
712,Emma Davis,934,47342,63
713,Olivia Martinez,821,31109,36
714,Ava Martinez,825,70037,63
715,Ava Miller,917,79345,44
716,James Jones,224,91171,41
717,Isabella Martinez,407,106609,28
718,Emma Rodriguez,679,140530,45
719,Isabella Martinez,624,67051,41
720,Liam Davis,66,74077,39
721,William Jones,268,115998,63
722,Ava Brown,154,97802,37
723,Emma Martinez,414,116577,42
724,Olivia Smith,672,95191,40
725,Ava Miller,415,80891,24
726,Oliver Martinez,836,54892,43
727,Noah Rodriguez,654,132878,52
728,William Rodriguez,308,140810,32
729,Isabella Williams,301,42793,52
730,Olivia Jones,743,135951,57
731,Olivia Garcia,671,41704,36
732,William Brown,763,144220,41
733,Sophia Garcia,381,64152,59
734,Ava Davis,872,45437,52
735,Emma Martinez,595,111350,26
736,James Brown,513,45704,65
737,Sophia Rodriguez,306,84146,25
738,Olivia Williams,206,74914,48
739,Oliver Davis,147,71469,33
740,Liam Davis,341,112710,33
741,William Smith,5,89251,39
742,Noah Williams,591,130202,32
743,James Johnson,133,110541,49
744,Sophia Miller,440,92573,46
745,Emma Smith,547,56137,45
746,Emma Garcia,776,139212,55
747,Noah Smith,693,30540,62
748,Noah Brown,711,144948,44
749,Ava Williams,106,80272,54
750,Oliver Jones,172,38557,24
751,Ava Jones,467,125398,55
752,Oliver Rodriguez,346,86841,65
753,Olivia Garcia,924,94248,44
754,Noah Williams,971,148868,47
755,Emma Brown,230,125311,30
756,Noah Smith,604,96143,32
757,Liam Garcia,729,115267,24
758,Sophia Jones,790,100088,61
759,Emma Martinez,50,116765,28
760,Emma Smith,707,45176,48
761,James Miller,127,101733,38
762,James Williams,211,121120,65
763,Emma Jones,431,116725,28
764,Isabella Jones,638,109381,30
765,Sophia Johnson,524,124210,61
766,Liam Jones,117,132860,28
767,James Brown,624,56181,38
768,Isabella Brown,367,122200,48
769,Ava Williams,41,101845,53
770,Noah Davis,339,60737,22
771,Emma Johnson,929,44474,58
772,James Williams,973,41807,54
773,Liam Johnson,927,63540,63
774,Noah Davis,304,64619,51
775,Emma Johnson,833,52898,24
776,Ava Garcia,821,118705,42
777,Sophia Johnson,98,141574,24
778,Emma Williams,680,114829,32
779,William Garcia,916,87372,61
780,Ava Johnson,382,136818,43
781,Olivia Johnson,411,82461,51
782,Ava Miller,707,141499,52
783,Sophia Williams,116,47368,25
784,Olivia Johnson,427,149436,59
785,James Martinez,695,87430,33
786,Oliver Miller,798,77002,61
787,Emma Williams,495,93979,29
788,Sophia Davis,48,38301,38
789,William Smith,722,143814,65
790,Isabella Martinez,742,104057,36
791,William Rodriguez,536,120209,61
792,Liam Miller,678,125243,37
793,James Garcia,680,118643,63
794,Sophia Williams,860,138322,57
795,Oliver Smith,12,114331,32
796,Isabella Davis,873,94990,32
797,Liam Davis,329,61574,43
798,Ava Smith,520,59190,57
799,Sophia Miller,837,60801,27
800,James Davis,821,105108,50
801,Liam Davis,458,71426,29
802,James Smith,106,82879,48
803,Emma Rodriguez,563,30022,27
804,Oliver Martinez,653,69924,54
805,Isabella Brown,671,118011,51
806,William Garcia,846,37113,36
807,James Garcia,574,130586,61
808,Oliver Davis,734,116136,45
809,James Johnson,100,129525,64
810,Noah Smith,350,76548,62
811,Ava Rodriguez,535,79006,28
812,Emma Williams,505,48408,48
813,Liam Jones,626,55679,34
814,Liam Miller,221,89905,34
815,William Johnson,776,84325,24
816,Oliver Johnson,791,146884,50
817,James Martinez,980,96086,30
818,James Smith,544,126497,25
819,Isabella Miller,859,106692,52
820,Isabella Williams,709,105832,33
821,Olivia Johnson,397,116182,60
822,Oliver Garcia,517,145525,46
823,Sophia Martinez,938,120769,37
824,Ava Miller,987,74939,40
825,James Williams,142,84099,60
826,Isabella Jones,864,121946,57
827,William Rodriguez,648,58487,34
828,Noah Martinez,732,68086,65
829,William Williams,728,115208,33
830,Isabella Rodriguez,711,113476,42
831,Liam Garcia,576,92963,59
832,Oliver Miller,691,128024,56
833,Ava Miller,828,31673,55
834,Liam Smith,391,49048,25
835,Emma Brown,274,128328,32
836,Ava Jones,150,140019,25
837,Ava Brown,772,100932,24
838,William Davis,105,110754,65
839,Isabella Brown,761,114819,57
840,Sophia Brown,524,132800,40
841,Emma Miller,397,84600,65
842,William Rodriguez,56,31699,38
843,Noah Martinez,890,132357,50
844,Noah Garcia,774,107120,56
845,Oliver Brown,795,125015,34
846,Ava Davis,182,119477,26
847,Olivia Williams,753,97350,29
848,Sophia Smith,439,66583,57
849,Ava Williams,165,106544,38
850,Emma Garcia,478,123020,31
851,Emma Williams,951,72287,60
852,Emma Martinez,864,116755,41
853,James Martinez,564,76934,26
854,William Rodriguez,226,54100,55
855,Liam Rodriguez,164,84516,56
856,Isabella Miller,95,75796,36
857,Noah Garcia,340,77290,40
858,Noah Martinez,544,92240,57
859,Emma Johnson,685,75351,50
860,Noah Martinez,941,111412,37
861,Emma Garcia,391,134360,29
862,Sophia Jones,554,124892,40
863,Emma Rodriguez,842,130990,45
864,Isabella Rodriguez,457,93806,24
865,Ava Brown,329,97357,27
866,Liam Williams,995,131360,56
867,Isabella Smith,642,38581,35
868,Noah Miller,856,43621,35
869,Isabella Miller,663,137053,26
870,Olivia Smith,471,123961,43
871,Emma Johnson,76,37113,33
872,Ava Rodriguez,73,105361,36
873,Ava Miller,398,89129,62
874,Sophia Miller,324,32213,46
875,Liam Rodriguez,7,114072,61
876,Liam Martinez,47,121866,26
877,William Rodriguez,109,67989,65
878,Ava Martinez,89,66899,50
879,Sophia Miller,842,116602,23
880,James Williams,547,58818,30
881,Sophia Rodriguez,303,113105,31
882,Ava Garcia,981,31461,57
883,Isabella Williams,127,35475,22
884,Oliver Martinez,404,100405,57
885,Liam Jones,216,128080,44
886,Noah Miller,928,114663,54
887,Olivia Williams,189,58939,61
888,Ava Brown,118,53770,64
889,Oliver Smith,872,128440,57
890,James Rodriguez,75,68096,64
891,Liam Jones,101,55875,59
892,James Garcia,366,46805,64
893,Noah Johnson,292,111201,26
894,Noah Garcia,498,89067,43
895,Oliver Jones,711,106568,31
896,Oliver Martinez,374,135866,42
897,Sophia Williams,5,71053,37
898,Noah Miller,284,140114,45
899,Olivia Garcia,899,92908,51
900,James Garcia,794,70038,53
901,Isabella Johnson,180,114613,60
902,Liam Jones,880,138323,30
903,Isabella Brown,270,126147,62
904,Liam Johnson,914,32441,54
905,Emma Martinez,593,83101,59
906,Noah Smith,565,64159,56
907,Isabella Davis,670,131606,31
908,William Miller,229,146842,59
909,Ava Williams,476,95683,54
910,Liam Miller,373,95820,22
911,Noah Martinez,701,51737,54
912,Olivia Davis,164,53480,58
913,Oliver Williams,754,125945,52
914,William Smith,225,129807,53
915,Noah Johnson,271,78422,36
916,Emma Brown,531,148977,45
917,Sophia Davis,940,89591,24
918,Emma Garcia,106,122240,55
919,Ava Jones,593,101349,58
920,Olivia Miller,670,79613,45
921,Oliver Johnson,530,62975,46
922,Noah Rodriguez,416,76255,44
923,James Davis,909,109195,22
924,Isabella Williams,451,51706,36
925,Liam Rodriguez,659,66806,35
926,Olivia Williams,162,77477,60
927,Liam Brown,425,136322,43
928,Liam Davis,692,92759,52
929,Noah Martinez,166,114837,48
930,Emma Brown,45,46762,58
931,Oliver Williams,138,112515,54
932,Emma Martinez,151,37328,32
933,Ava Williams,530,83143,60
934,Oliver Smith,900,124312,64
935,Ava Johnson,222,88877,60
936,James Davis,175,58752,48
937,Oliver Williams,814,106368,33
938,Oliver Rodriguez,271,51983,65
939,William Davis,611,107410,26
940,Noah Miller,395,47329,28
941,Emma Brown,536,142668,54
942,Sophia Williams,621,42622,33
943,James Martinez,615,35116,56
944,Isabella Johnson,96,93208,64
945,Olivia Martinez,553,138464,22
946,Sophia Rodriguez,431,78546,24
947,Isabella Miller,235,135159,52
948,Sophia Garcia,604,135463,58
949,Liam Miller,138,63360,52
950,Noah Johnson,291,108419,56
951,Sophia Jones,194,30716,22
952,Oliver Rodriguez,121,98126,22
953,Sophia Brown,705,135419,42
954,Sophia Garcia,110,50287,49
955,Oliver Jones,268,142063,56
956,Sophia Martinez,375,110200,39
957,Sophia Brown,424,102365,57
958,James Williams,380,103281,57
959,James Jones,315,105713,44
960,Sophia Williams,876,143223,64
961,Liam Brown,458,132643,32
962,Liam Brown,521,82502,43
963,Isabella Martinez,714,119727,25
964,Olivia Miller,988,113345,22
965,Liam Williams,483,108675,49
966,Liam Johnson,270,59067,45
967,Liam Martinez,39,124960,46
968,Sophia Martinez,672,98289,40
969,Oliver Smith,969,131398,33
970,James Davis,11,56438,64
971,Isabella Jones,200,34405,60
972,Isabella Rodriguez,716,60365,61
973,Olivia Smith,369,61359,63
974,Emma Williams,89,66167,47
975,William Miller,416,106818,34
976,Isabella Smith,755,122225,26
977,Liam Rodriguez,292,125176,57
978,Oliver Garcia,356,136891,39
979,Noah Martinez,987,55496,51
980,Sophia Martinez,5,64223,33
981,Sophia Rodriguez,110,103220,26
982,Isabella Jones,349,45336,54
983,Ava Rodriguez,833,133991,58
984,Ava Davis,990,79424,58
985,James Brown,776,74520,51
986,James Martinez,883,33584,52
987,Liam Jones,70,80157,62
988,Noah Brown,820,71383,48
989,William Rodriguez,549,31274,38
990,Noah Jones,96,82288,65
991,William Johnson,568,53394,52
992,William Garcia,224,147219,58
993,Ava Williams,970,127800,65
994,Noah Davis,755,56170,37
995,Noah Jones,212,60042,34
996,Noah Martinez,365,50446,28
997,Liam Johnson,693,116956,53
998,Oliver Smith,783,142340,56
999,Emma Davis,381,111352,42
1000,James Martinez,890,66009,53
